compound_id,base_rdkit_smiles,relation,average_logP,logP_level
CHEMBL102422,BrC=C(Br)Br,,3.2,0
CHEMBL101049,Brc1ccc(Br)cc1,,3.79,0
CHEMBL107341,Brc1cccc(Oc2ccc(Br)c(Br)c2Br)c1,,6.05,1
CHEMBL103677,Brc1ccccc1-c1ccccc1,,4.59,1
CHEMBL100362,C#CC,,0.94,0
CHEMBL106369,C#CC(C)(C)NC(=O)c1cc(Cl)cc(Cl)c1,,3.43,0
CHEMBL101274,C#CC(C)(C)O,,0.28,0
CHEMBL104337,C#CC(C)N(C)C(=O)Nc1ccc(Cl)cc1,,3.0,0
CHEMBL112265,C#CC(C=C)(CC)OC(N)=O,,1.09,0
CHEMBL112247,C#CC(C=CCl)(CC)OC(=N)O,,1.71,0
CHEMBL113275,C#CC1(OC(=O)C2=CN(C)C=CC2)CCC2C3CCC4=CC(O)=CCC4(C)C3CCC21C,,4.49,1
CHEMBL103942,C#CCCC(C)=O,,0.58,0
CHEMBL110445,C#CCN1C(=O)COc2cc(F)c(N3C(=O)C4=C(CCCC4)C3=O)cc21,,2.55,0
CHEMBL113783,C#CCNC(=O)NCCCC(N=C(C)O)C(=O)NCc1ccccc1,,-0.31,0
CHEMBL113787,C#CCNC(=O)NCCCCC(N=C(C)O)C(=O)NCc1ccccc1,,0.23,0
CHEMBL109692,C#CCOC(O)=Nc1ccc(OCC)c(OCC)c1,,2.68,0
CHEMBL113571,C#CCONC=Nc1cc(Cl)c(OCC#C)c(Cl)c1,,3.3,0
CHEMBL113926,C#CCONC=Nc1cc(Cl)c(OCC#C)c(OCC#C)c1,,2.3,0
CHEMBL113579,C#CCOc1c(Cl)cc(NC=NOC)cc1Cl,,3.3,0
CHEMBL113554,C#CCOc1c(Cl)cc(NC=NOCCCC)cc1Cl,,4.4,1
CHEMBL113925,C#CCOc1cc(N=CNOC)cc(Cl)c1OCC#C,,2.3,0
CHEMBL111756,C#CCOc1cc(OC(=O)N2CCC(F)(F)CC2)c(Cl)cc1Cl,,3.57,0
CHEMBL109703,C#CCOc1cc(OC(=O)N2CCCC2)c(Cl)cc1Cl,,3.82,0
CHEMBL107785,C#C[C@]1(O)CC[C@H]2[C@@H]3CCC4=CC(=O)CC[C@@H]4[C@H]3C(=C)C[C@@]21CC,,3.16,0
CHEMBL101903,C#C[C@]1(O)CC[C@H]2[C@@H]3CCC4=CC(O)=CC[C@]4(C)[C@H]3CC[C@@]21C,,3.11,0
CHEMBL102179,C(=Nc1ccccc1)c1ccccc1,,2.82,0
CHEMBL105275,C1=C(c2ccccc2)CCNC1,,1.99,0
CHEMBL113739,C1=C2NOS3=C2C(=CC1)NO3,,1.1,0
CHEMBL102047,C1=CC2CCC1C2,,3.24,0
CHEMBL102710,C1=CC=CC=CC=C1,,3.08,0
CHEMBL104605,C1=CCCC=CCCC=CCC1,,5.5,1
CHEMBL114051,C1=CN=C(CCC2COc3ccccc3O2)[N]1,,1.99,0
CHEMBL114050,C1=NC2=NC=NC2=C(NCCc2ccccc2)[N]1,,2.42,0
CHEMBL101068,C1CC2OC2CC1C1CO1,,0.44,0
CHEMBL101570,C1CCOCC1,,0.95,0
CHEMBL101432,C1COCCO1,,-0.27,0
CHEMBL104089,C1OC1CN1CCN(CC2CO2)CC1,,-0.84,0
CHEMBL101453,C=C(Br)CC1(C(C)C)C(=O)NC(=O)N(C)C1=O,,2.11,0
CHEMBL101273,C=C(C)C,,2.34,0
CHEMBL100507,C=C(C)C(=O)OC,,1.38,0
CHEMBL102802,C=C(C)C(=O)OCC(CC)CCCC,,4.54,1
CHEMBL102971,C=C(C)C(=O)OCCO,,0.47,0
CHEMBL103908,C=C(C)C(=O)OCc1ccccc1,,2.53,0
CHEMBL105309,C=C(C)C1CCC(C)(O)C1C,,2.87,0
CHEMBL100292,C=C(C)O,,-0.24,0
CHEMBL103014,C=C(C=O)CC,,1.24,0
CHEMBL109433,C=C(NOC(=O)N(C)SN(C)C(=O)c1ccc(C)cc1)SC,,2.5,0
CHEMBL114696,C=C(NOCC)c1cccc(Oc2nc(OC)cc(OC)n2)c1C(=O)OC,,2.96,0
CHEMBL110938,C=C(O)C(=Cc1cc(O)c(O)c([N+](=O)[O-])c1)C(=C)O,,1.21,0
CHEMBL100473,C=C(O)C=N,,-0.94,0
CHEMBL101178,C=C(O)CCC(C)C,,1.88,0
CHEMBL108576,C=C(O)N(CC(O)CO)c1c(I)c(C(O)=NCC(O)CO)c(I)c(C(O)=NCC(O)CO)c1I,,-3.05,0
CHEMBL112641,C=C(O)NC(C)(C)C(=N)O,,-0.87,0
CHEMBL113364,C=C(O)NC(CCCN)C(=O)NC(C(=O)NC(C(N)=O)C(C)C)C(C)CC,,-0.43,0
CHEMBL104486,C=C(O)NC(CO)C(O)c1ccc([N+](=O)[O-])cc1,,-0.03,0
CHEMBL102241,C=C(O)Nc1cc([N+](=O)[O-])ccc1OCCC,,1.6,0
CHEMBL104296,C=C(O)Nc1ccc(CCCC)cc1,,3.3,0
CHEMBL102635,C=C(O)Nc1ccc(I)cc1,,2.71,0
CHEMBL105330,C=C(O)Nc1cccs1,,1.1,0
CHEMBL111506,C=C(O)Nc1cncc(Cl)n1,,1.1,0
CHEMBL113965,C=C(O)Nc1n[n+]([O-])c2cc(C)ccc2[n+]1[O-],,-0.4,0
CHEMBL106126,C=C(O)c1cc2c(cc1C)C(C)(C)C(C)CC2(C)C,,5.7,1
CHEMBL103106,C=C(O)c1ccc(S(=O)(O)=NC(=O)NC2CCCCC2)cc1,,2.44,0
CHEMBL114123,C=C(O)c1ccc([N+](=O)[O-])cc1O,,2.05,0
CHEMBL107043,C=C(O)c1cccc(S(N)(=O)=O)c1,,0.21,0
CHEMBL100848,C=C(O)c1ccccc1,,1.58,0
CHEMBL103205,C=C(O)c1ccccn1,,0.85,0
CHEMBL109113,C=C(O)n1c(O)ncc(F)c1=O,,-0.34,0
CHEMBL105354,C=C(OP(=O)(OC)OC)C(Cl)C(=O)N(CC)CC,,0.79,0
CHEMBL102123,C=C1C(=O)C(C)C(=C)C(=O)C1C,,2.23,0
CHEMBL109827,C=C1C(=O)C2=C(C(O)=C1Nc1nc(C)c(C)s1)[C@H](COC(N)=O)[C@]1(OC)[C@@H]3N[C@@H]3CN21,,1.29,0
CHEMBL106177,C=C1C(=O)OC2C1C(OC(=O)C=C(C)C)CC1=CC(CC3(C)OC23)OC1=O,,1.05,0
CHEMBL105641,C=C1CS[C@@H]2C(NC(=O)[C@H](N)c3ccccc3)=C(O)N2C1=C(O)O,,0.65,0
CHEMBL110461,C=C1NC(C)=C(C(=O)OCC)C(c2ccccc2C=CC(=O)OC(C)(C)C)C1C(=O)OCC,,5.2,1
CHEMBL110374,C=C=C(O)NCCCN(CCO)CCO,,-0.6,0
CHEMBL101084,C=C=C=N,,0.25,0
CHEMBL100464,C=CC(=C)C,,2.42,0
CHEMBL101559,C=CC(=O)OCCCC,,2.36,0
CHEMBL105405,C=CC(=O)OCCOCCO,,-0.3,0
CHEMBL107477,C=CC(O)=NCCCN1CCOCC1,,-0.53,0
CHEMBL108245,C=CC1(C)CCC(C(C)(C)O)O1,,2.43,0
CHEMBL113819,C=CCC(C)OC(=O)Nc1ccc(OCC)c(OCC)c1,,3.37,0
CHEMBL109024,C=CCC(CC=C)(C(=O)NC(N)=O)C(=O)OC,,1.37,0
CHEMBL101279,C=CCC1(c2ccccc2)C(=O)NC(=O)N=C1O,,1.69,0
CHEMBL114971,C=CCC1=C(O)N(CCN(C)C)c2ccccc2CC1c1ccc(OC)cc1,,5.3,1
CHEMBL107191,C=CCN(CC=C)C(O)=C(Cl)Cl,,1.84,0
CHEMBL100965,C=CCN(CC=C)CC=C,,2.59,0
CHEMBL114557,C=CCN(N=O)C(=O)N(CCC)CCCCC(NC(C)=O)=C(O)NCc1ccccc1,,2.11,0
CHEMBL108194,C=CCN1CCCC1CN=C(O)c1cc2nn[nH]c2cc1OC,,1.79,0
CHEMBL114074,C=CCN=C1[N]C=Nc2[nH]cnc21,,1.09,0
CHEMBL114095,C=CCNC(=O)N(CCCC(NC(C)=O)C(=O)NCc1ccccc1)Cc1ccccc1,,1.44,0
CHEMBL101087,C=CCO,,0.17,0
CHEMBL109691,C=CCOC(=O)Nc1ccc(OCC)c(OCC)c1,,2.75,0
CHEMBL114890,C=CCONC(=C)c1cccc(Oc2nc(OC)cc(OC)n2)c1C(=O)OC,,3.13,0
CHEMBL111901,C=CCOc1ccccc1OCC(CNC(C)C)OC(=O)C1CC1,,3.01,0
CHEMBL111902,C=CCOc1ccccc1OCC(CNC(C)C)OC(=O)C=CC,,3.65,0
CHEMBL108658,C=CN[PH](O)(OCC)ON=C(C#N)c1ccc([N+](=O)[O-])cc1,,1.76,0
CHEMBL101102,C=COC(C)=O,,0.73,0
CHEMBL109715,C=COCCn1cnc2c(=N)n(C)c(O)nc21,,-0.24,0
CHEMBL107548,C=C[PH](O)(OCC)SCCSCC,,2.03,0
CHEMBL108908,C=C[SH](=O)(O)c1cc(C(=O)NCC2CCCN2CC)c(OC)cc1N,,1.1,0
CHEMBL112492,C=C[SH](O)c1cnc2ccccc2n1,,2.29,0
CHEMBL105175,C=Cc1cccc(CC)c1,,4.11,1
CHEMBL106299,C=S(=O)(O)c1ccc(N=S(=O)(O)C(F)(F)F)cc1,,1.99,0
CHEMBL110801,C=c1c(Cl)cccc1=C(O)N(NC(=O)c1ccccc1)C(C)(C)C,,3.57,0
CHEMBL109017,C=c1c(OC)c(C)cnc1=C[SH](O)c1nc2ccc(OC)cc2[nH]1,,2.23,0
CHEMBL106227,C=c1ccccc1=C(N)c1ccccc1,,3.21,0
CHEMBL110889,CC(=C(N)O)n1nc2ccccc2n1,,0.86,0
CHEMBL101746,CC(=C=CC=C(C)C=CC1=C(C)CCCC1(C)C)C=C(O)O,,6.3,1
CHEMBL103281,CC(=Cc1ccccc1)C(=O)O,,2.6,0
CHEMBL110157,CC(=NN=C(S)NNC(=S)N(C)C)c1ccccn1,,1.25,0
CHEMBL107123,CC(=O)C(=C=N)N=Nc1ccc2c(c1)OC(F)(F)C(F)(F)O2,,5.31,1
CHEMBL105985,CC(=O)C(=Cc1ccc(Cl)cc1)C(C)=O,,2.32,0
CHEMBL105784,CC(=O)C=Cc1ccccc1C,,2.6,0
CHEMBL108089,CC(=O)N(C)CCOC(=O)c1ccccc1,,1.24,0
CHEMBL114086,CC(=O)N(O)CCCCCNC(=O)CCC(=O)N(O)CCCCCNC(=O)CCC(=O)N(O)CCCCCNC=O,,-0.33,0
CHEMBL105026,CC(=O)N=C(O)C1CCC1,,-0.4,0
CHEMBL113698,CC(=O)N=NCc1c(CO)cnc(C)c1O,,0.65,0
CHEMBL111576,CC(=O)NC(C)C(O)=NC(CC(C)C)C(=O)NC(C(N)=O)C(C)C,,-0.14,0
CHEMBL113402,CC(=O)NC(CCCCN)C(=O)NC(Cc1ccccc1)C(=O)NC(C(N)=O)C(C)C,,0.51,0
CHEMBL111566,CC(=O)NC(Cc1ccccc1)C(=O)NC(CCC(N)=O)=C(N)O,,-1.03,0
CHEMBL111580,CC(=O)NCC(=O)NC(C)C(=O)NC(=C(N)O)C(C)C,,-1.56,0
CHEMBL106982,CC(=O)NCc1cccc(OCC(O)CNC(C)C)c1,,0.34,0
CHEMBL103663,CC(=O)Nc1cc(C)cc(C)c1,,2.17,0
CHEMBL111362,CC(=O)Nc1cc(Cl)c(F)c(Cl)c1F,,2.9,0
CHEMBL100038,CC(=O)Nc1ccc(C(=O)O)c(O)c1,,1.62,0
CHEMBL103745,CC(=O)Nc1ccc(C)c(C)c1,,2.1,0
CHEMBL108189,CC(=O)Nc1ccc(Cl)cc1F,,1.91,0
CHEMBL105731,CC(=O)Nc1ccc(O)c(C)c1,,0.79,0
CHEMBL101370,CC(=O)Nc1ccc(S(=N)(=O)O)cc1,,-0.04,0
CHEMBL107092,CC(=O)Nc1ccc2cccnc2c1,,1.55,0
CHEMBL106221,CC(=O)Nc1ccc2ncccc2c1,,1.55,0
CHEMBL101813,CC(=O)Nc1cccc(C(F)(F)F)c1,,2.56,0
CHEMBL106165,CC(=O)OC(c1ccc(Cl)c(Cl)c1)C(Cl)(Cl)Cl,,4.92,1
CHEMBL107313,CC(=O)OC1(C(=O)CO)CCC2C3CCC4=CC(=O)CCC4(C)C3=C(O)CC21C,,2.45,0
CHEMBL108197,CC(=O)OC1CCCCC1N=C(O)N(CCCl)N=O,,1.98,0
CHEMBL100967,CC(=O)OCC(COC(C)=O)OC(C)=O,,0.25,0
CHEMBL101433,CC(=O)OCCC(C)C,,2.25,0
CHEMBL108685,CC(=O)OCCN(CCC#N)c1ccc(N=Nc2nc3ccc([N+](=O)[O-])cc3s2)cc1,,4.08,1
CHEMBL108041,CC(=O)OCCN1C(=O)C(OC(C)=O)N=C(c2ccccc2)c2cc(Cl)ccc21,,2.74,0
CHEMBL113055,CC(=O)OCCOCn1cnc2cnc(=N)[nH]c21,,-0.61,0
CHEMBL114789,CC(=O)OCOC(=O)N(C)N=Nc1ccc(C#N)cc1,,2.08,0
CHEMBL103737,CC(=O)OC[C@H]1O[C@@H](n2ncc(O)nc2=O)[C@H](OC(C)=O)[C@@H]1OC(C)=O,,-0.2,0
CHEMBL105099,CC(=O)O[C@H]1[C@@H](OC(C)=O)C[C@H](O[C@@H]2C(C)O[C@@H](O[C@H]3[C@@H](OC(C)=O)C[C@H](O[C@H]4CC[C@@]5(C)[C@H](CC[C@@H]6[C@@H]5CC[C@]5(C)[C@@H](C7=CC(=O)OC7)[C@@H](OC(C)=O)C[C@]65O)C4)O[C@@H]3C)C[C@@H]2OC(C)=O)O[C@@H]1C,,3.46,0
CHEMBL113877,CC(=O)Oc1cccc(C(=O)O)c1,,1.49,0
CHEMBL102945,CC(=O)Oc1cccc2ccccc12,,2.78,0
CHEMBL103402,CC(=O)Oc1ccccc1C(C)C,,2.78,0
CHEMBL104124,CC(=O)Oc1ccccc1C(F)(F)F,,2.59,0
CHEMBL114117,CC(=O)Oc1coc(CBr)cc1=O,,0.51,0
CHEMBL101885,CC(=O)c1ccc(F)cc1,,1.72,0
CHEMBL103558,CC(=O)c1ccc(OCC(=O)O)cc1,,0.87,0
CHEMBL100909,CC(=O)c1ccc([N+](=O)[O-])cc1,,1.53,0
CHEMBL114126,CC(=O)c1cccc(CNC2=C3N=CN=C3[N]C=N2)c1,,1.73,0
CHEMBL106681,CC(=O)c1ccccc1OC(=O)N(C)C,,0.93,0
CHEMBL112471,CC(=O)c1sc([S+](C)[O-])c(-c2ccc(Cl)cc2)c1N,,3.18,0
CHEMBL113949,CC(C(=N)O)c1ccc(-n2sc3ccccc3c2=O)cc1,,2.07,0
CHEMBL103286,CC(C(O)c1ccccc1)N(C)C,,1.7,0
CHEMBL105742,CC(C)(C(=O)O)n1nc2ccccc2n1,,0.64,0
CHEMBL104445,CC(C)(C(=O)O)n1nnc2ccccc21,,-0.2,0
CHEMBL103057,CC(C)(C)C(=O)c1ccccc1,,3.0,0
CHEMBL110725,CC(C)(C)C(COc1ccc(Cl)cc1)OC(=S)n1ccnc1,,4.96,1
CHEMBL107472,CC(C)(C)C1CCN(N=O)CC1,,2.54,0
CHEMBL110807,CC(C)(C)N(N=C(O)c1ccccc1)C(=O)c1ccc(I)cc1,,3.78,0
CHEMBL110797,CC(C)(C)N(N=C(O)c1ccccc1)C(=O)c1cccc(C#N)c1,,2.34,0
CHEMBL113328,CC(C)(C)N(N=C(O)c1ccccc1F)C(=O)c1ccccc1Cl,,2.63,0
CHEMBL110771,CC(C)(C)N(NC(=O)c1cccc(Cl)c1)C(=O)c1ccccc1Cl,,3.49,0
CHEMBL110769,CC(C)(C)N(NC(=O)c1ccccc1)C(=O)c1ccccc1Cl,,2.59,0
CHEMBL110780,CC(C)(C)N(NC(=O)c1ccccc1)C(=O)c1ccccc1I,,2.83,0
CHEMBL109347,CC(C)(C)NCC(O)COCC=Cc1ccccc1,,2.29,0
CHEMBL107437,CC(C)(C)NCC(O)COc1cccc2c1C[C@H](O)[C@H](O)C2,,0.81,0
CHEMBL108481,CC(C)(C)NCC(O)COc1ccccc1,,1.5,0
CHEMBL107028,CC(C)(C)NCC(O)COc1ccccc1C#N,,1.6,0
CHEMBL107552,CC(C)(C)OC(=O)C(C(=O)OC(C)(C)C)=C1SCCS1,,4.01,1
CHEMBL109197,CC(C)(C)[C@@H](O)[C@@H](Cc1ccc(Cl)cc1)n1cncn1,,3.2,0
CHEMBL114139,CC(C)(C)[N+]([O-])=Cc1ccc([N+](=O)[O-])cc1,,1.4,0
CHEMBL114140,CC(C)(C)[N+]([O-])=Cc1cccc(O)c1,,1.0,0
CHEMBL110820,CC(C)(C)c1ccc(-c2nc3cccnc3[nH]2)cc1,,4.82,1
CHEMBL111163,CC(C)(C)c1ccc(CCOc2ncnc3ccccc23)cc1,,5.51,1
CHEMBL110742,CC(C)(C)c1ccc(OCC(OC(=O)n2ccnc2)C(C)(C)C)cc1,,4.82,1
CHEMBL105970,CC(C)(C)c1ccccc1OCC(=O)O,,3.33,0
CHEMBL102792,CC(C)(CCC(=O)O)C(=O)O,,0.67,0
CHEMBL114159,CC(C)(C[C]1C=Nc2ccccc21)NCC(O)CON=C(C1CC1)C1CC1,,3.29,0
CHEMBL102286,CC(C)=C(O)C(C)C,,1.86,0
CHEMBL114172,CC(C)=C(O)NCc1c(O)c(=O)cc(C)n1C,,-0.35,0
CHEMBL104288,CC(C)=C(O)NN,,-0.63,0
CHEMBL100488,CC(C)=C(O)O,,0.94,0
CHEMBL114167,CC(C)=CC1C(C(=O)OCc2cccc(I)c2)C1(C)C,,6.61,1
CHEMBL114170,CC(C)=CCCC(C)=CCCC(C)(C)O,,4.54,1
CHEMBL101828,CC(C)=CCN1CC[C@@]2(C)c3cc(O)ccc3C[C@@H]1[C@@H]2C,,4.64,1
CHEMBL114171,CC(C)=CCN=c1nc[nH]c2c1N=C[N]2,,2.2,0
CHEMBL103636,CC(C)C(C#N)c1ccc(Cl)cc1,,3.41,0
CHEMBL107874,CC(C)C(NC(=O)C(Cc1ccccc1)NC(=O)OCc1ccccc1)C(=O)O,,2.88,0
CHEMBL111185,CC(C)C(O)=NCCNCC(O)COCCc1ccccc1,,0.95,0
CHEMBL114196,CC(C)C1(C)N=C(c2ncc3ccccc3c2C(=O)O)N=C1O,,1.81,0
CHEMBL109373,CC(C)C1(C)N=C(c2ncccc2C(=O)O)N=C1O,,0.22,0
CHEMBL102665,CC(C)CC#N,,1.07,0
CHEMBL114230,CC(C)CC(N=C(O)C(N)CC1=c2ccccc2=N[CH]1)C(=O)NC(CC(C)C)C(=O)NC(C(=O)O)C(C)C,,0.23,0
CHEMBL114233,CC(C)CC(N=C(O)C(N)Cc1ccc(O)cc1)=C(O)NC(C(=O)O)C(C)C,,-1.45,0
CHEMBL114219,CC(C)CC(NC(=O)C(CC(C)C)NC(=O)C(CC(C)C)NC(=O)C1CCCN1)C(=O)O,,-1.06,0
CHEMBL114226,CC(C)CC(NC(=O)C(Cc1ccc(O)cc1)NC(=O)C(N)Cc1ccc(O)cc1)C(=O)O,,-1.38,0
CHEMBL108174,CC(C)CC1NC(O)=NC1=O,,0.35,0
CHEMBL113342,CC(C)CCCN=C(O)C1(O)C(C)CC2C3CC=C4CC(=O)C=CC4(C)C3(F)C(O)CC21C,,3.93,0
CHEMBL101423,CC(C)CCO,,1.16,0
CHEMBL104633,CC(C)CNC(=O)Nc1ccc(Cl)c(Cl)c1,,4.48,1
CHEMBL108255,CC(C)CNCC(=O)NC(O)=C=[N+]=[N-],,0.37,0
CHEMBL111415,CC(C)COC(=O)N=c1ccc2nn(C3CCCC3)[nH]c-2c1,,4.28,1
CHEMBL104357,CC(C)COC(=O)c1cc(O)c(O)c(O)c1,,2.46,0
CHEMBL104547,CC(C)COC(=O)c1cc(O)nc(O)n1,,1.01,0
CHEMBL111821,CC(C)COC(=O)n1c(-c2cscn2)nc2ccccc21,,3.46,0
CHEMBL102701,CC(C)COCC(C)C,,2.78,0
CHEMBL100379,CC(C)Cl,,1.9,0
CHEMBL102053,CC(C)N=C(N)N=C(N)Nc1ccc(Cl)cc1,,2.53,0
CHEMBL114265,CC(C)N=C(N=S(=O)(O)c1cnccc1NC1CC1)NC#N,,0.01,0
CHEMBL114275,CC(C)N=C(N=S(=O)(O)c1cnccc1Nc1cccc(Br)c1)NC#N,,2.27,0
CHEMBL108265,CC(C)N=C(O)NO,,0.2,0
CHEMBL101541,CC(C)N=c1nc(Cl)[nH]c(=NC(C)C)[nH]1,,2.93,0
CHEMBL114291,CC(C)N=c1nc(N)nc(O)[nH]1,,1.27,0
CHEMBL114279,CC(C)NC(N=C=N)=NS(=O)(=O)c1cnccc1Nc1cccc(I)c1,,2.51,0
CHEMBL114287,CC(C)NCC(O)COc1ccc(CC2=NC(Br)=C[N]2)cc1,,2.2,0
CHEMBL102114,CC(C)NCC(O)COc1cccc2ccccc12,,3.48,0
CHEMBL106253,CC(C)Nc1nc(=NC2CC2)nc(Cl)[nH]1,,3.06,0
CHEMBL100291,CC(C)O,,0.05,0
CHEMBL111758,CC(C)OC(=O)CSc1ccc([N+](=O)[O-])cc1,,2.79,0
CHEMBL108424,CC(C)OC(=O)[C@@H](C)N(C(=O)c1ccccc1)c1ccc(F)c(Cl)c1,,3.69,0
CHEMBL106534,CC(C)Oc1ccc([N+](=O)[O-])cc1,,2.8,0
CHEMBL104584,CC(C)Oc1ccccc1O,,2.09,0
CHEMBL114301,CC(C)SCc1cc(=O)c(O)co1,,1.17,0
CHEMBL113811,CC(C)c1ccc(OC(=O)N(C)C)cc1,,3.04,0
CHEMBL114304,CC(C)c1cccc(C(C)C)c1NC(=O)CC(=O)C1(c2ccccc2)CCCC1,,4.55,1
CHEMBL103541,CC(C)c1cccc(OCC(=O)O)c1,,2.59,0
CHEMBL106331,CC(C)c1cnc([N+](=O)[O-])n1C,,1.09,0
CHEMBL110052,CC(C1CC1)C(O)(Cn1cncn1)c1ccc(Cl)cc1,,2.9,0
CHEMBL101122,CC(CCl)OC(C)CCl,,2.48,0
CHEMBL104306,CC(CN(C)C)CN1c2ccccc2S(=O)(=O)c2ccccc21,,2.51,0
CHEMBL113765,CC(CO)OC(C)CO,,-0.67,0
CHEMBL108667,CC(Cc1ccc(C(C)(C)C)cc1)CN1C[C@@H](C)O[C@@H](C)C1,,4.93,1
CHEMBL109059,CC(Cl)=C(O)N(CC(O)=Nc1ccccc1)c1ccccc1,,3.02,0
CHEMBL100244,CC(N)=S,,-0.26,0
CHEMBL114216,CC(NC(=O)C(N)Cc1ccccc1)=C(O)NC(C)C(=O)NC(C)C(=O)NC(CC(C)C)C(=O)O,,-2.23,0
CHEMBL106642,CC(O)=C(C#N)N=Nc1cc(Cl)cc(Cl)c1,,4.68,1
CHEMBL106972,CC(O)=NCC(=O)NC(CC(C)C)C(N)=O,,-0.78,0
CHEMBL105793,CC(O)=NNC(=O)Nc1ccc(C)cc1,,0.67,0
CHEMBL106807,CC(O)=Nc1cc(Cl)cc(Cl)c1,,3.17,0
CHEMBL113961,CC(O)=Nc1n[n+]([O-])c2ccccc2[n+]1[O-],,-0.6,0
CHEMBL101210,CC(O)CNCC(C)O,,-0.82,0
CHEMBL110640,CC(O)COc1ncc(-c2ccncc2)cc1C#N,,1.65,0
CHEMBL105418,CC(O)Cn1ccnc1[N+](=O)[O-],,-0.16,0
CHEMBL107355,CC(O)c1ccc2ccccc2c1,,2.68,0
CHEMBL104215,CC(Oc1ccc(Cl)cc1)C(=O)O,,2.31,0
CHEMBL108698,CC1(C)C(C=C(Cl)Cl)C1C(=O)OC(C#N)c1ccc(F)c(Oc2ccccc2)c1,,5.95,1
CHEMBL105557,CC1(C)CC(N)CC(C)(C)N1O,,0.56,0
CHEMBL110471,CC1(C)CC(N=C(O)NP(=O)(N2CC2(C)C)N2CC2(C)C)CC(C)(C)N1,,0.55,0
CHEMBL111469,CC1(C)CCC(=Cc2ccc(Cl)cc2)C1(O)Cn1cncn1,,3.29,0
CHEMBL105599,CC1(C)CCC(C)(C)O1,,2.06,0
CHEMBL108662,CC1(C)CNC(=NN=C(/C=C/c2ccc(C(F)(F)F)cc2)/C=C/c2ccc(C(F)(F)F)cc2)NC1,,2.31,0
CHEMBL103372,CC1(C)NC(=N)N=C(N)N1c1ccc(F)cc1,,0.37,0
CHEMBL103450,CC1(C)OC(=O)c2ccccc21,,1.73,0
CHEMBL100420,CC1(O)CCC2C3CC=C4CC(O)=CCC4(C)C3(F)C(O)CC21C,,2.38,0
CHEMBL110853,CC12CC=C(O)C=C1CCC1C2C(O)CC2(C)C1CCC2(O)C(=O)COC(=O)CC=C(N)O,,1.43,0
CHEMBL105229,CC12CCC(C1)C(C)(C)C2=O,,3.52,0
CHEMBL112717,CC1=C(N2CC2)C(=O)C(Cl)=C(N2CC2)C1=O,,1.2,0
CHEMBL103274,CC1=C2CC(=C(O)C1)C2(C)C,,2.23,0
CHEMBL114355,CC1=CC(=C2C(=O)c3ccccc3C2=O)C=C(C)N1CCCNC(=O)N(CCCl)N=O,,2.84,0
CHEMBL113887,CC1=CC2=NO[SH]3ON=C(C1)C23,,1.5,0
CHEMBL111483,CC1=CCC2C(C1)c1c(O)cc(NS(C)(=O)=O)cc1OC2(C)C,,3.12,0
CHEMBL107141,CC1=Nc2ccc(I)cc2S(=O)(=O)N1,,1.61,0
CHEMBL108445,CC1CC2C3CC(F)=C4CC(=O)C(Cl)=CC4(C)C3(Cl)C(O)CC2(C)C1(O)C(O)=COC(=O)C(C)(C)C,,4.73,1
CHEMBL113517,CC1CC2C3CC=C4C=C(O)C=CC4(C)C3(F)C(O)CC2(C)C1(O)C(=O)NC(CO)c1ccccc1,,2.89,0
CHEMBL113545,CC1CC2C3CCC4=CC(=O)C=CC4(C)C3(F)C(O)CC2(C)C1(O)C(O)=NCCO,,1.51,0
CHEMBL105964,CC1CC2OC(=O)C3(C)C2C(OC3(C)O)C2(C)C(O)=CC=C12,,0.3,0
CHEMBL109378,CC1CCC2C(C)C(O)OC3OC4(C)CCC1C32OO4,,2.19,0
CHEMBL106769,CC1CN(C)C(=Nc2ncc([N+](=O)[O-])s2)N1,,1.95,0
CHEMBL107868,CC1CN(N=O)C(C)CN1N=O,,0.15,0
CHEMBL112773,CC1CN1C1=CC(=O)c2ccccc2C1=O,,2.17,0
CHEMBL100391,CC1CO1,,0.03,0
CHEMBL112186,CC1NCCN1CCO,,-1.93,0
CHEMBL108695,CC1OC(OC2C(O)CC(OC3C(O)CC(OC4CCC5(C)C(CCC6C5CC(O)C5(C)C(C7=CC(=O)OC7)CCC65O)C4)OC3C)OC2C)CC(OC(=O)C2OC(O)CC(O)C2O)C1O,,-1.77,0
CHEMBL111447,CC1c2nc3ccccc3c(=O)n2CN1C,,0.85,0
CHEMBL114699,CC=C(C)N[PH](O)(OCC)Oc1cc(C)ccc1[N+](=O)[O-],,2.73,0
CHEMBL100506,CC=C(N)C(O)O,,-2.54,0
CHEMBL111666,CC=C(O)C1(c2cccc(OC(=O)OC(C)C)c2)CCN(C)CC1,,1.72,0
CHEMBL114394,CC=C(O)N(c1ccccc1)C1(C(=O)OC)CCN(CCCCCF)CC1,,3.02,0
CHEMBL101834,CC=C(O)c1ccc2c(c1)N(CC(C)N(C)C)c1ccccc1S2,,4.79,1
CHEMBL109600,CC=Cc1c(OC)cc(Cc2c[nH]c(=N)[nH]c2=N)cc1OCC,,2.65,0
CHEMBL102737,CC=Cc1ccccc1,,3.35,0
CHEMBL112148,CC=NN(C(=O)c1ccc(OC)cc1)c1ccccc1,,3.18,0
CHEMBL113273,CCC(=O)C1(c2cccc(O)c2)CCN(C)CC1,,1.02,0
CHEMBL111663,CCC(=O)C1(c2cccc(OC(=O)C(C)(C)C)c2)CCN(C)CC1,,2.59,0
CHEMBL111665,CCC(=O)C1(c2cccc(OC(=O)OC)c2)CCN(C)CC1,,0.75,0
CHEMBL111667,CCC(=O)C1(c2cccc(OC(=O)OCC(C)C)c2)CCN(C)CC1,,2.38,0
CHEMBL114396,CCC(=O)N(c1ccccc1)C1(C(=O)OCF)CCN(CCc2ccccc2)CC1,,4.02,1
CHEMBL101908,CCC(=O)N(c1ccccc1)C1CCN(CCc2ccccc2)CC1,,4.05,1
CHEMBL104472,CCC(=O)OC1(C(C)=O)C(C)CC2C3CC=C4CC(=O)C=CC4(C)C3(F)C(O)CC21C,,3.09,0
CHEMBL100448,CCC(Br)(CC)C(=O)NC(=N)O,,1.54,0
CHEMBL109354,CCC(C(=N)O)(C(N)=O)c1ccccc1,,0.13,0
CHEMBL110608,CCC(C(=O)OCc1ccc(C)cc1)C(COC(=O)C(C)(C)C)Cc1cncn1C,,4.55,1
CHEMBL109995,CCC(C(=O)OCc1ccccc1)C(COC(=O)Cc1ccccc1)Cc1cncn1C,,4.0,1
CHEMBL113894,CCC(C(N)=O)c1ccc(-n2sc3ccccc3c2=O)cc1,,2.58,0
CHEMBL105938,CCC(C)=C=N,,1.05,0
CHEMBL114408,CCC(C)C(N)=C(O)NC(C(=O)NC(=C(O)O)C(C)O)C(C)CC,,-2.23,0
CHEMBL114411,CCC(C)C(N)=C(O)NC(C)C(=O)NC(C)C(=O)NC(C(=O)O)C(C)CC,,-2.82,0
CHEMBL114403,CCC(C)C(N)C(=O)N1CCCC1C(=O)NCC(=O)NC(C(=O)O)C(C)CC,,-1.69,0
CHEMBL114419,CCC(C)C(NC(=O)C(C)N=C(O)C(CC(C)C)NC(=O)C(N)CO)C(=O)NC(C(=O)O)C(C)C,,-1.94,0
CHEMBL114420,CCC(C)C(NC(=O)C(CC(C)C)NC(=O)C(N)C(C)O)C(=O)O,,-1.66,0
CHEMBL108034,CCC(C)C(NC(C)=O)C(=N)O,,-0.03,0
CHEMBL114414,CCC(C)C(NC(O)=C(CO)NC(=O)C(N)C(C)CC)=C(O)O,,-2.64,0
CHEMBL114427,CCC(C)C(NC(O)C(=N)CC(C)C)=C(O)O,,-1.64,0
CHEMBL104489,CCC(C)N=C=S,,2.81,0
CHEMBL112958,CCC(C)NOc1c([N+](=O)[O-])cc([N+](=O)[O-])cc1[N+](=O)[O-],,1.8,0
CHEMBL103530,CCC(C)c1cnc(CC(C)C)c(=O)n1O,,1.81,0
CHEMBL101763,CCC(C)n1c(=O)[nH]c(C)c(Br)c1=O,,2.11,0
CHEMBL110462,CCC(O)(C(=O)O)c1ccc(CC(C)C)cc1,,3.37,0
CHEMBL106596,CCC1(C)C(=O)NC(=O)N=C1O,,0.08,0
CHEMBL109595,CCC1(CC)C(=O)NC(=O)N=C1OC(C)C,,1.86,0
CHEMBL102968,CCC1(O)CC2CN(CCc3c([nH]c4ccccc34)C(C(=O)OC)(c3cc4c(cc3OC)N(C)C3C(O)(C(=O)OC)C(OC(=O)CN(C)C)C5(CC)C=CCN6CCC43C65)C2)C1,,4.02,1
CHEMBL101450,CCC1(c2ccccc2)C(O)=NCN=C1O,,0.91,0
CHEMBL100008,CCC1(c2ccccc2)NC(=O)N(C)C1=O,,1.69,0
CHEMBL103447,CCC1CCCCC1,,4.56,1
CHEMBL102197,CCC=C(N)O,,-0.21,0
CHEMBL114458,CCC=C(NOCC)C1C(=O)CC2(CCCC2)OC1=O,,3.22,0
CHEMBL100738,CCC=NC(O)N=S(=O)(O)c1ccc(Cl)cc1,,2.27,0
CHEMBL109035,CCCC(=NOCC)C1C(=O)CC(CC(C)SCC)C=C1O,,4.38,1
CHEMBL112852,CCCC(=NOCC)C1C(=O)OC2(C=C1O)CCC(C)C2,,3.66,0
CHEMBL109493,CCCC(=O)N(CSP(=S)(OC)OC)c1ccccc1Cl,,0.56,0
CHEMBL110263,CCCC(=O)OCn1cc2c(=O)nc[nH]c2n1,,0.33,0
CHEMBL103809,CCCC(C)C(=O)Nc1ccc(C)c(Cl)c1,,4.31,1
CHEMBL102800,CCCC(C=C(C)O)C(=O)O,,1.31,0
CHEMBL106048,CCCC(CC)C(=O)O,,2.23,0
CHEMBL102061,CCCC=C(O)CCCC,,2.88,0
CHEMBL110891,CCCCC(=C(N)O)n1nc2ccccc2n1,,2.28,0
CHEMBL111434,CCCCC(CC)COC(=O)n1cnc(CC(NC(=O)C2CC=C(O)N2)C(=O)N2CCCC2C(N)=O)c1,,1.82,0
CHEMBL103306,CCCCC(CC)COP(=O)(Oc1ccccc1)Oc1ccccc1,,5.73,1
CHEMBL114480,CCCCC(CO[N+](=O)[O-])O[N+](=O)[O-],,3.51,0
CHEMBL108649,CCCCC(N)Cc1ccccc1,,3.36,0
CHEMBL111843,CCCCC(NC(Cc1ccccc1)C(=O)N1CCC(OCOC)CC1)C(=O)NC(CC1CCCCC1)C(O)CC(C(=O)NCCNc1nc(=N)[nH][nH]1)C(C)C,,4.2,1
CHEMBL112360,CCCCC1OC(=O)c2cc([N+](=O)[O-])ccc21,,2.92,0
CHEMBL101189,CCCCCC,,3.9,0
CHEMBL114485,CCCCCC(=O)c1ccncc1,,2.9,0
CHEMBL110423,CCCCCC(C)Nc1nc(Cl)nc(=NCC)[nH]1,,4.74,1
CHEMBL102208,CCCCCC(C)O,,2.31,0
CHEMBL112369,CCCCCC1(CC)C(=O)NC(=O)N(C)C1=O,,2.45,0
CHEMBL101214,CCCCCCBr,,3.8,0
CHEMBL112848,CCCCCCC1(c2ccncc2)CC=C(O)NC1=O,,2.94,0
CHEMBL104901,CCCCCCCC(=O)NN,,1.0,0
CHEMBL111487,CCCCCCCC(C)(C)c1ccc(C2CCCC(O)C2)c(O)c1,,7.18,1
CHEMBL112861,CCCCCCCC1(c2ccncc2)CC=C(O)NC1=O,,3.44,0
CHEMBL101247,CCCCCCCCCCC(=O)O,,4.42,1
CHEMBL108580,CCCCCCCCCCCC(=O)N1CCCC1=O,,5.05,1
CHEMBL109088,CCCCCCCCCCCCCC[n+]1ccccc1C,,2.27,0
CHEMBL114491,CCCCCCCCCCCCN=C=S,,7.13,1
CHEMBL109794,CCCCCCCCCCCC[n+]1ccc(C)c(C)c1,,1.75,0
CHEMBL112839,CCCCCCCCCCNC(=O)c1[nH]nc(C)c1[N+](=O)[O-],,4.48,1
CHEMBL109212,CCCCCCCCCCNc1cc(-c2n[nH]c(N)n2)ccn1,,4.07,1
CHEMBL107958,CCCCCCCCN(C)N=Nc1[nH]cnc1C(=N)O,,3.22,0
CHEMBL105519,CCCCCCCCOC(=O)c1ccc(N)cc1,,5.02,1
CHEMBL105403,CCCCCCCC[n+]1ccccc1C,,-0.77,0
CHEMBL101215,CCCCCCN,,2.06,0
CHEMBL114508,CCCCCCN=c1nc[nH]c2c1ncn2C1OC(CO)C(O)C1O,,2.24,0
CHEMBL109501,CCCCCCNC(=O)CCC(NS(=O)(=O)c1ccc(C)cc1)C(=O)O,,0.84,0
CHEMBL110243,CCCCCCNC(=O)c1ccc(O)c(O)c1,,2.71,0
CHEMBL109211,CCCCCCNc1cc(-c2nc(N)n[nH]2)ccn1,,3.3,0
CHEMBL105398,CCCCCCOC(=O)c1ccc(N)cc1,,3.96,0
CHEMBL103705,CCCCCCOC(N)=O,,1.85,0
CHEMBL112888,CCCCCCOCc1cccc(NC(=O)OCCN2CCCCC2)c1,,4.97,1
CHEMBL102209,CCCCCCl,,2.73,0
CHEMBL114515,CCCCCN=C(O)N1C(=O)N(C)CC1O,,1.75,0
CHEMBL112406,CCCCCNc1ccc(C(=O)OCCN(C)C)cc1,,4.14,1
CHEMBL103960,CCCCCOC(=O)NC,,1.96,0
CHEMBL104539,CCCCCOC(=O)c1cc(O)c(O)c(O)c1,,2.67,0
CHEMBL107670,CCCCCOc1cccc(N=C(O)OCCN2CCCCC2)c1,,5.5,1
CHEMBL102228,CCCCC[C@H](O)/C=C/[C@@H]1[C@@H](C/C=C\CCCC(=O)O)[C@@H](O)C[C@H]1O,,4.39,1
CHEMBL101836,CCCCC[C@H](O)/C=C/[C@H]1[C@H](O)CC(=O)[C@@H]1C/C=C\CCCC(=O)O,,2.82,0
CHEMBL113230,CCCCCc1ccc(OCC(OC(=O)n2ccnc2)C(C)(C)C)cc1,,5.26,1
CHEMBL110540,CCCCN(CCCC)CC(=O)NC1COc2ccc(Cl)cc21,,4.44,1
CHEMBL114527,CCCCN(CCO)CCCC,,2.65,0
CHEMBL105234,CCCCN(CCOC(C)=O)c1ccc(N=Nc2c(C#N)cc([N+](=O)[O-])cc2C#N)c(C)c1,,5.5,1
CHEMBL113671,CCCCNC(=O)CCn1ccc(=O)c(O)c1C,,-0.1,0
CHEMBL110510,CCCCNC(=O)Cn1cnc([N+](=O)[O-])n1,,0.89,0
CHEMBL111676,CCCCNC(=O)c1ccc2cc(O)c(O)cc2c1,,2.72,0
CHEMBL101151,CCCCNC(=S)NCCCC,,2.75,0
CHEMBL103758,CCCCNP(=O)(OC)Oc1cc(Cl)c(Cl)cc1Cl,,4.18,1
CHEMBL100725,CCCCOC(=O)COc1cc(Cl)c(Cl)cc1Cl,,4.81,1
CHEMBL110827,CCCCOC(=O)Nc1ccc(OCC)c(OCC)c1,,3.46,0
CHEMBL105031,CCCCOC(=O)c1cccnc1,,2.27,0
CHEMBL113769,CCCCOC(=O)c1cnc2n(c1=O)C(C)CCC2,,1.77,0
CHEMBL109591,CCCCOC(=O)n1cc(F)c(=O)nc1O,,0.89,0
CHEMBL112010,CCCCOCC(C)OC(=O)COc1nc(F)c(Cl)c(N)c1Cl,,4.17,1
CHEMBL114542,CCCCOCCCNC1=C2N=CN=C2[N]C=N1,,2.22,0
CHEMBL112513,CCCCOCc1c(CO)cnc(C)c1O,,1.34,0
CHEMBL108830,CCCCOc1cccc(N2C(=N)NC(N)=NC2(C)C)c1,,2.03,0
CHEMBL104386,CCCCOc1cccc(OC(=O)NC)c1,,2.96,0
CHEMBL111232,CCCCOc1cccc(S(=N)(=O)O)c1,,2.06,0
CHEMBL102191,CCCCl,,2.04,0
CHEMBL107393,CCCCn1c(=O)[nH]c(=O)c2[nH]cnc21,,0.84,0
CHEMBL111802,CCCN(C=Nc1ccn(C2CC(F)C(CO)O2)c(=O)n1)CCC,,1.35,0
CHEMBL110933,CCCN(CCC)C1CCOc2ccc(O)cc21,,3.17,0
CHEMBL100156,CCCN(CCC)S(=O)(=O)c1ccc(C(=O)O)cc1,,3.21,0
CHEMBL106675,CCCN(CCC)c1c([N+](=O)[O-])cc(C(F)(F)F)c(N)c1[N+](=O)[O-],,4.1,1
CHEMBL108671,CCCN(CCOc1c(Cl)cc(Cl)cc1Cl)C(=O)n1ccnc1,,4.1,1
CHEMBL113425,CCCN1C(=O)C(=O)c2ccccc2C1=O,,1.6,0
CHEMBL110932,CCCN1CCOC2c3cccc(O)c3OCC21,,1.93,0
CHEMBL106370,CCCN=C(C)C(O)Nc1c(C)csc1C(=O)OC,,1.89,0
CHEMBL106388,CCCN=C(O)c1cc2ccccc2o1,,2.65,0
CHEMBL112658,CCCN=C(O)c1n[nH]c(C)c1[N+](=O)[O-],,0.65,0
CHEMBL113284,CCCN=c1nc(C(Cl)(Cl)Cl)[nH]c(C(Cl)(Cl)Cl)n1,,4.09,1
CHEMBL112661,CCCN=c1nc(NC)nc(SC(F)F)[nH]1,,3.28,0
CHEMBL107514,CCCNC(=N)NC(N)=Nc1ccc(Cl)cc1,,2.63,0
CHEMBL109909,CCCOC(=O)C=Cc1ccc([N+](=O)[O-])o1,,2.67,0
CHEMBL102474,CCCOC(=O)c1ccccc1O,,3.8,0
CHEMBL112607,CCCOC(=O)n1c(N=C(O)OC)nc2cc(C(=O)c3ccccc3)ccc21,,3.43,0
CHEMBL104771,CCCOC(O)=Nc1ccccc1,,2.8,0
CHEMBL111285,CCCOC1(c2ccccc2)CN(C)CCO1,,2.13,0
CHEMBL114573,CCCOCCCNC1=C2N=CN=C2N=C[N]1,,1.74,0
CHEMBL106616,CCCOP(N)(=O)SCCC,,1.23,0
CHEMBL106524,CCCOc1ccc(CC(=O)O)cc1,,2.31,0
CHEMBL114578,CCCOc1ccc(CN=C2N=C[N]c3[nH]cnc32)cc1,,3.15,0
CHEMBL108517,CCCOc1cccc(NC(=O)OCCN2CCOCC2)c1,,3.04,0
CHEMBL114577,CCCOc1ccccc1CNC1=C2N=CN=C2[N]C=N1,,3.27,0
CHEMBL102421,CCCS(=O)(=O)CCC,,0.39,0
CHEMBL111253,CCCSc1cccc2[nH]c(N)nc(=N)c12,,2.85,0
CHEMBL104898,CCC[n+]1cccc2ccccc21,,-2.52,0
CHEMBL114585,CCCc1c(O)c(=O)cc(C)n1C,,0.4,0
CHEMBL109755,CCCc1c(OCCCCc2nn[nH]n2)ccc(C(C)=O)c1O,,3.82,0
CHEMBL103228,CCCc1ccc(S(=N)(=O)O)cc1,,1.64,0
CHEMBL100987,CCCc1ccccc1,,3.69,0
CHEMBL103206,CCCc1ccncc1,,2.1,0
CHEMBL114601,CCCc1nc(=Nc2ccccc2OC)nc(N2CCOCC2)[nH]1,,3.59,0
CHEMBL114599,CCCc1nc(N2CCOCC2)[nH]c(=NC(=O)c2ccccc2)n1,,1.61,0
CHEMBL114596,CCCc1nc(N2CCOCC2)nc(N(C)C(=O)c2ccccc2)n1,,2.01,0
CHEMBL109253,CCCc1nonc1C,,1.71,0
CHEMBL112082,CCCc1ssc(=S)c1C,,3.42,0
CHEMBL106693,CCCc1ssc(=S)c1CC,,3.76,0
CHEMBL106743,CCCn1ccc(=O)c(O)c1C,,0.18,0
CHEMBL110930,CCCn1ccc(=O)c(O)c1CC,,0.7,0
CHEMBL113204,CCCn1cnc2c(NC(C)=O)ncnc21,,0.09,0
CHEMBL108438,CCN(C)c1nc(N(C)CC)nc(N(C)CC)n1,,3.9,0
CHEMBL110223,CCN(CC)C(=O)OCCCc1ccccn1,,2.36,0
CHEMBL110220,CCN(CC)C(=O)OCCc1c[nH]c2ccccc12,,3.3,0
CHEMBL101513,CCN(CC)C(=O)c1cccc(C)c1,,2.18,0
CHEMBL105278,CCN(CC)C(=O)c1ccccc1Cl,,2.1,0
CHEMBL100022,CCN(CC)C(O)=C1C=C2c3cccc4[nH]cc(c34)C[C@H]2N(C)C1,,2.95,0
CHEMBL110753,CCN(CC)CCCC(C)N=c1cc2n(-c3ccc(Cl)cc3)c3ccccc3[nH]c-2cc1=Nc1ccc(Cl)cc1,,7.92,1
CHEMBL110394,CCN(CC)CCCCCC(O)=Nc1c(C)cccc1C,,2.95,0
CHEMBL112734,CCN(CC)N=Nc1ccc(C(N)=O)cc1,,2.26,0
CHEMBL103973,CCN(CC)P(=O)(N(CC)CC)N(CC)CC,,2.53,0
CHEMBL114627,CCN(CCO)CCCOc1cc2ncnc(NC3=CC(CC(=O)Nc4cccc(F)c4F)=N[N]3)c2cc1OC,,3.5,0
CHEMBL106498,CCN1C(=N)SC(=Cc2ccc([N+](=O)[O-])o2)C1=O,,1.44,0
CHEMBL111217,CCN1C[C@@H]([C@H](O)[C@H](CC2CCCCC2)NC(=O)[C@H](Cc2cccs2)NC(=O)[C@@H](C=C(O)N2CCOCC2)Cc2ccccc2)OC1=O,,3.59,0
CHEMBL114635,CCN=C(S)SC,,1.57,0
CHEMBL109577,CCN=c1nc(Cl)nc(NC2CCCCC2)[nH]1,,3.63,0
CHEMBL114641,CCNC(=NC#N)NS(=O)(=O)c1c[nH]ccc1=NC1CCCCCCC1,,2.05,0
CHEMBL113111,CCNC(=O)c1cccc2c1C(=O)C(=O)N(CC)C2=O,,0.3,0
CHEMBL104464,CCNC(=O)c1cccnc1,,0.31,0
CHEMBL102668,CCNC(N)=O,,-0.74,0
CHEMBL104689,CCNC(O)=CBr,,0.34,0
CHEMBL114634,CCNC(S)=NS(=O)(=O)c1cnccc1NC1CCCCC1,,3.1,0
CHEMBL111500,CCNC12c3ccccc3CC1CCCC2C,,3.8,0
CHEMBL108120,CCNCC(F)(F)F,,0.74,0
CHEMBL107685,CCNCNC(=O)c1ccccc1,,0.56,0
CHEMBL108659,CCNP(=O)(OCC)ON=C(C#N)c1ccc(OC)cc1,,2.39,0
CHEMBL111685,CCOC(=O)C(=Cc1cccc(Cl)c1)NC=O,,2.51,0
CHEMBL107119,CCOC(=O)C(C#N)=NNc1cc(Cl)c(Cl)c(Cl)c1,,5.03,1
CHEMBL106648,CCOC(=O)C(C#N)=NNc1cc(Cl)c(Cl)cc1Cl,,5.21,1
CHEMBL107127,CCOC(=O)C(C#N)=NNc1cccc(Cl)c1,,3.94,0
CHEMBL106296,CCOC(=O)C(C)NC(=O)CCCCSc1ncnc2nc[nH]c12,,1.51,0
CHEMBL113139,CCOC(=O)C(C)Oc1ccc(Oc2cnc3ccccc3n2)cc1,,3.47,0
CHEMBL109125,CCOC(=O)C(C)n1nnc2ccccc21,,1.87,0
CHEMBL102096,CCOC(=O)C(Cl)(Cl)Cl,,2.39,0
CHEMBL103086,CCOC(=O)C(N)Cc1ccc(O)cc1,,0.72,0
CHEMBL112051,CCOC(=O)C1(S(=O)(=O)c2ccc(C)cc2)CCC1,,2.31,0
CHEMBL100147,CCOC(=O)C1(c2ccccc2)CCN(C)CC1,,2.72,0
CHEMBL114657,CCOC(=O)C1=C(C)NC(C)=C(C(=O)OC)C1C,,3.27,0
CHEMBL110077,CCOC(=O)C1CC(=O)C(C(O)=C2CC2)=C(O)C1,,1.6,0
CHEMBL101415,CCOC(=O)CCC(=O)OCC,,1.2,0
CHEMBL113947,CCOC(=O)CCOc1ccc(-n2sc3ccccc3c2=O)cc1,,3.59,0
CHEMBL111090,CCOC(=O)CN1C(=O)CC1Sc1ccc2ccccc2c1,,3.4,0
CHEMBL109252,CCOC(=O)COC(=O)c1cc(Oc2ccc(C(F)(F)F)cc2Cl)ccc1[N+](=O)[O-],,3.65,0
CHEMBL107421,CCOC(=O)COc1cccc2ccccc12,,2.9,0
CHEMBL108750,CCOC(=O)Cn1nc2ccccc2n1,,1.85,0
CHEMBL108559,CCOC(=O)N(C)SN(C)C(=O)Oc1cccc2c1OC(C)(C)C2,,3.5,0
CHEMBL109838,CCOC(=O)N=C1NCC(c2ccc(F)cc2)N1C,,1.9,0
CHEMBL102202,CCOC(=O)NC(O)C(Cl)(Cl)Cl,,1.84,0
CHEMBL100598,CCOC(=O)[C@H](O)[C@@H](O)C(=O)OCC,,-0.29,0
CHEMBL110405,CCOC(=O)c1c[nH]c(-c2ccc(OCC(O)CNCCc3ccc(OC)c(OC)c3)cc2)n1,,2.3,0
CHEMBL112466,CCOC(=O)c1cc(C#N)c([S+](C)[O-])s1,,2.27,0
CHEMBL104579,CCOC(=O)c1cc(S(N)(=O)=O)c(Cl)cc1NCc1ccco1,,2.67,0
CHEMBL104342,CCOC(=O)c1cc2ccccc2[nH]1,,3.22,0
CHEMBL106414,CCOC(=O)c1ccc(N=C(O)C(F)(F)F)cc1,,2.25,0
CHEMBL114687,CCOC(=O)c1cnc2ccc(C)cn2c1=O,,0.9,0
CHEMBL106911,CCOC(=O)c1cncn1C(C)c1ccccc1,,3.05,0
CHEMBL107459,CCOC(=O)c1ncccn1,,-0.31,0
CHEMBL112077,CCOC1OC2OC3(C)CC(OC4OC(=C(O)O)C(O)C(O)C4O)C4C(C)CCC(C1C)C24OO3,,1.73,0
CHEMBL104394,CCOCC1CO1,,0.36,0
CHEMBL111999,CCON1C(=O)C2(C=C1O)CCCC2,,1.26,0
CHEMBL114708,CCOP(=O)(OCC)C(Cl)(Cl)P(=O)(OCC)OCC,,1.31,0
CHEMBL100457,CCOP(=O)(OCC)OCC,,0.8,0
CHEMBL104583,CCOP(=O)(OCC)Oc1ccc(SC)c(C)c1,,3.28,0
CHEMBL105372,CCOP(=O)(OCC)SCc1ccccc1,,3.21,0
CHEMBL104324,CCOP(=S)(OCC)Oc1ccc(N)cc1,,2.6,0
CHEMBL105269,CCOP(=S)(OCC)SC(CCl)N1C(=O)c2ccccc2C1=O,,4.69,1
CHEMBL103953,CCOP(=S)(OCC)SC=S(O)CC,,1.78,0
CHEMBL105332,CCOP(=S)(Oc1ccc(C#N)cc1)c1ccccc1,,4.29,1
CHEMBL100266,CCOS(=O)(=O)OCC,,1.14,0
CHEMBL109168,CCO[C@H]1O[C@@H]2OC3(C)CC[C@H]4[C@H](C)CC[C@@H]([C@H]1C)[C@@]24OO3,,3.89,0
CHEMBL107097,CCO[PH](S)(N=C(C)CC)Oc1cc(C)ccc1[N+](=O)[O-],,4.62,1
CHEMBL107886,CCOc1cc(Cc2c[nH]c(N)nc2=N)cc(OCC)c1C(C)(C)O,,2.46,0
CHEMBL101630,CCOc1ccc(N)cc1,,1.24,0
CHEMBL109693,CCOc1ccc(N=C(O)OC(CBr)CBr)cc1OCC,,3.5,0
CHEMBL113912,CCOc1ccc(NC(=O)OC(C)COC)cc1OCC,,2.56,0
CHEMBL112601,CCOc1ccc(OCC(OC(=S)n2ccnc2)C(C)(C)C)cc1,,4.58,1
CHEMBL111908,CCOc1ccc(OCc2ccccc2CCCN2CCC(O)CC2)cc1,,3.42,0
CHEMBL107911,CCOc1cccc(NC(=O)OCCN2CCCCC2)c1,,3.77,0
CHEMBL111102,CCOc1cccc2nc(N)nc(N)c12,,1.69,0
CHEMBL104304,CCOc1ccccc1C(=O)N(CC)CC,,2.5,0
CHEMBL100748,CCOc1ccccc1O,,1.68,0
CHEMBL111327,CCOc1ccccc1OS(=O)(=O)NC(=O)N=c1nc(OC)cc(OC)[nH]1,,2.89,0
CHEMBL105542,CCOc1ccccn1,,1.81,0
CHEMBL105569,CCOc1cccnc1,,1.44,0
CHEMBL111644,CCOc1cncc(Cl)n1,,2.22,0
CHEMBL107206,CCOc1cnccn1,,1.28,0
CHEMBL111386,CCOc1ncc(-c2ccncc2)cc1C#N,,2.59,0
CHEMBL109224,CCOn1c(O)nc(C)c(Br)c1=O,,0.11,0
CHEMBL109713,CCSCCn1cnc2c(=N)n(C)c(=O)[nH]c21,,0.0,0
CHEMBL108820,CCc1c(C)nc2n(c1=O)C(C)CCC2,,1.43,0
CHEMBL106609,CCc1cc(NC(C)=O)ccc1O,,1.31,0
CHEMBL112798,CCc1ccc(C(=O)OCCN(C)C)cc1,,3.15,0
CHEMBL104298,CCc1ccc(NC(C)=O)cc1,,2.2,0
CHEMBL103065,CCc1ccc2ccccc2c1,,4.38,1
CHEMBL104568,CCc1cccc(CC)c1NC1=NCCN1,,2.48,0
CHEMBL104131,CCc1cccc(OC(C)=O)c1,,2.45,0
CHEMBL102306,CCc1ccccc1N,,1.74,0
CHEMBL104207,CCc1cnc(N=S(=O)(O)c2ccc(N)cc2)nc1,,0.9,0
CHEMBL105965,CCc1n[nH]c(=O)[nH]c1=O,,0.22,0
CHEMBL106118,CCc1nnc(SC)n(N)c1=O,,0.46,0
CHEMBL112088,CCc1ssc(=O)c1-c1ccccc1,,3.15,0
CHEMBL111642,CCn1cc(C(=O)NC(C)C(=O)OC)c(=O)c2ccc(C)nc21,,2.47,0
CHEMBL110961,CCn1nnc(Oc2ccc(NC(=O)N(C)C)cc2)n1,,1.1,0
CHEMBL102408,CF,,0.51,0
CHEMBL105930,CN(C(O)=COc1ccccc1)c1ccccc1,,2.25,0
CHEMBL106850,CN(C)C(=O)NS(=O)(=O)c1ccccc1,,0.28,0
CHEMBL106984,CN(C)C(=O)Nc1ccc(-n2nc(C(C)(C)C)oc2=O)c(Cl)c1,,2.51,0
CHEMBL110960,CN(C)C(=O)Nc1ccc(Oc2nnn(C)n2)cc1,,0.63,0
CHEMBL110953,CN(C)C(=O)Nc1ccc(Oc2nnnn2C2CCCCC2)cc1,,2.18,0
CHEMBL107327,CN(C)C(=O)Nc1cccc(N)c1,,-0.1,0
CHEMBL105078,CN(C)C(=O)Nc1cccc([N+](=O)[O-])c1,,1.46,0
CHEMBL109564,CN(C)C(=O)OCc1ccc(Cl)cc1,,2.93,0
CHEMBL109559,CN(C)C(=O)OCc1ccc(F)cc1,,2.3,0
CHEMBL109568,CN(C)C(=O)OCc1ccc([N+](=O)[O-])cc1,,1.95,0
CHEMBL109563,CN(C)C(=O)OCc1cccc(Cl)c1,,2.82,0
CHEMBL113830,CN(C)C(=O)Oc1cccc(N(C)C)c1,,1.93,0
CHEMBL108391,CN(C)C(=O)SCCCCOc1ccccc1,,3.28,0
CHEMBL102512,CN(C)C(=O)c1ccccc1,,0.62,0
CHEMBL105353,CN(C)C(=O)c1ccco1,,0.41,0
CHEMBL105565,CN(C)C(=O)c1ccoc1,,0.24,0
CHEMBL102365,CN(C)C(O)=Nc1cccc(Cl)c1,,2.0,0
CHEMBL106505,CN(C)C1=NC(=O)C(=Cc2ccc([N+](=O)[O-])o2)S1,,1.14,0
CHEMBL111208,CN(C)C=Nc1ccn(C2CCC(CO)O2)c(=O)n1,,-0.95,0
CHEMBL113630,CN(C)C=Nc1ccn(C2OC(CO)C(O)C2O)c(=O)n1,,-1.68,0
CHEMBL100172,CN(C)CC(CN1c2ccccc2Sc2ccccc21)N(C)C,,4.76,1
CHEMBL112351,CN(C)CC(O)=NCc1ccccc1,,1.11,0
CHEMBL101262,CN(C)CC/C=C1\c2ccccc2CSc2ccccc21,,4.49,1
CHEMBL109969,CN(C)CCC1CN(C)C(=S)c2cccnc2O1,,1.08,0
CHEMBL112547,CN(C)CCCCN(Cc1ccc(C(C)(C)C)cc1)c1ccccc1,,5.53,1
CHEMBL103107,CN(C)CCCN1c2ccccc2[S+]([O-])c2ccc(Cl)cc21,,2.32,0
CHEMBL114780,CN(C)CCOc1c(Cl)cccc1Cl,,2.57,0
CHEMBL114783,CN(C)CCOc1ccccc1Cl,,2.87,0
CHEMBL112269,CN(C)CCc1ccsc1,,1.94,0
CHEMBL108239,CN(C)CNC(=O)c1ccccc1,,0.63,0
CHEMBL113564,CN(C)Cc1ccc(-c2cccc(NC3=C([N+](=O)[O-])C=C[N]3)c2)o1,,3.1,0
CHEMBL103680,CN(C)Cc1cccnc1,,0.49,0
CHEMBL105534,CN(C)S(=O)(=O)c1ccccc1,,1.35,0
CHEMBL111703,CN(C)c1ccc(C(O)(Cn2ccnc2)c2ccc(-c3ccncc3)cc2)cc1,,3.29,0
CHEMBL103716,CN(C)c1ccc(N=C=S)cc1,,3.96,0
CHEMBL106722,CN(C)c1ccc2c(c1)C(c1ccccc1)=NCC(=O)N2,,2.43,0
CHEMBL103203,CN(C)c1ccncc1,,1.34,0
CHEMBL106912,CN(C=O)c1c(N)n(C)c(=O)[nH]c1=O,,-1.3,0
CHEMBL110251,CN(Cc1cccc(Br)c1)N=O,,1.65,0
CHEMBL110330,CN(N=Cc1ccc(Br)cc1)P(=O)(N1CC1)N1CC1,,0.31,0
CHEMBL110479,CN(c1nc2ccccc2s1)C1CCN(CC(O)COc2ccc(F)cc2)CC1,,4.61,1
CHEMBL106493,CN1C(=N)SC(=Cc2ccc([N+](=O)[O-])o2)C1=O,,1.44,0
CHEMBL102007,CN1C(=O)CC[C@H]1c1cccnc1,,0.07,0
CHEMBL103640,CN1C(=O)CN=C(c2ccccc2F)c2cc(F)ccc21,,2.41,0
CHEMBL107095,CN1C(C(O)=Nc2ccccn2)=C(O)c2ccccc2S1(=O)=O,,1.98,0
CHEMBL114802,CN1CC(O)N(C(O)=NC2CCCCC2)C1=O,,1.87,0
CHEMBL106624,CN1CC=C(c2ccccc2)CC1,,2.71,0
CHEMBL104384,CN1CCC(=C2c3ccccc3CCc3cccnc32)CC1,,3.59,0
CHEMBL102686,CN1CCCCC1,,1.3,0
CHEMBL104810,CN1CCN(C2N=c3cc(Cl)ccc3=Nc3ccccc32)CC1,,3.23,0
CHEMBL106379,CN1CCN2c3ccccc3Cc3ccccc3C2C1,,4.24,1
CHEMBL111283,CN1CCOC(O)C1c1ccccc1,,0.99,0
CHEMBL100051,CN1[C@@H]2C[C@@H](OC(=O)[C@H](CO)c3ccccc3)C[C@H]1[C@@H]1O[C@@H]12,,0.98,0
CHEMBL111200,CN=C(O)N(C)C(O)=Nc1cc(S(=O)(O)=C(C)C)ccc1F,,1.87,0
CHEMBL103977,CN=C(O)Oc1ccc(C(C)(C)C)cc1,,3.06,0
CHEMBL111471,CN=C(S)NCC#CCC(NC(=O)C(Cc1ccc2ccccc2c1)Cc1cccc2ccccc12)C(=O)NC(CC1CCCCC1)C(O)CC(=O)NCCN1CCOCC1,,5.46,1
CHEMBL109087,CN=C(S)NCCSCc1cncn1C,,0.32,0
CHEMBL107033,CNC(=O)COc1ccc(OCC(O)CNC(C)C)cc1,,0.56,0
CHEMBL104278,CNC(=O)Nc1ccc(Cl)c(Cl)c1,,2.94,0
CHEMBL106107,CNC(=O)Nc1cccc(Cl)c1,,2.18,0
CHEMBL106070,CNC(=O)ON=C(C)C(C)(C)[N+](=O)[O-],,0.66,0
CHEMBL107798,CNC(=O)ON=C1COCCS1,,0.0,0
CHEMBL110572,CNC(=O)ON=C1SCCSC1(C)C,,1.51,0
CHEMBL104375,CNC(=O)Oc1ccc(OC)cc1,,1.2,0
CHEMBL104275,CNC(=O)Oc1ccc(SC)c(C)c1,,2.47,0
CHEMBL104374,CNC(=O)Oc1cccc(OC)c1,,1.3,0
CHEMBL111596,CNC(=O)c1ccc[nH]1,,0.42,0
CHEMBL114815,CNC(C)Cc1ccc(N)cc1,,0.81,0
CHEMBL114816,CNC(C)Cc1ccc(OC)cc1,,1.91,0
CHEMBL114817,CNC(Cc1ccccc1)=C(O)N1CCCC1=C(O)NCC1CCC(N)CC1,,1.12,0
CHEMBL111205,CNC(O)=NS(=O)(=O)c1cccnc1,,-0.45,0
CHEMBL111958,CNC12CCCCC1Cc1ccccc12,,3.38,0
CHEMBL105992,CNC1CCc2ccccc2C1,,2.38,0
CHEMBL111621,CNCCN(C)S(=O)(=O)c1ccc(CONC(N)=O)c([N+](=O)[O-])c1,,0.45,0
CHEMBL102375,CNCCc1ccccc1,,1.91,0
CHEMBL104655,CNS(=O)(=O)c1ccccc1,,0.92,0
CHEMBL100906,CNc1ccc([N+](=O)[O-])cc1,,2.04,0
CHEMBL106584,CNc1nc(O)c(C=C=Cc2ccc([N+](=O)[O-])o2)s1,,1.35,0
CHEMBL102426,COC(=N)O,,-0.66,0
CHEMBL112439,COC(=O)C(=Cc1ccc(I)o1)[N+](=O)[O-],,3.0,0
CHEMBL114830,COC(=O)C(=Cc1cnc(SC(C)=O)n1C)C(=O)OC,,-0.43,0
CHEMBL109190,COC(=O)C(C#N)=Cc1ccc(SC)o1,,2.61,0
CHEMBL106627,COC(=O)C(C#N)N=Nc1cc(Cl)cc(Cl)c1,,4.5,1
CHEMBL107130,COC(=O)C(C#N)N=Nc1ccccc1,,2.59,0
CHEMBL114836,COC(=O)C(C)=CC1C(C(=O)OCc2cccc(Cc3ccccc3)c2)C1(C)C,,6.41,1
CHEMBL114846,COC(=O)C(C)=N[PH](O)(OCC1C=CC(n2cc(C)c(=O)nc2[O])O1)Oc1ccc(OC(F)(F)F)cc1,,1.86,0
CHEMBL114842,COC(=O)C(C)NP(=O)(OCC1C=CC(n2cc(C)c(=O)nc2[O])O1)Oc1ccc(Cl)c(Cl)c1,,2.15,0
CHEMBL114849,COC(=O)C(C)NP(=O)(OCC1C=CC(n2cc(C)c([O])nc2=O)O1)Oc1ccc(C(C)=O)cc1,,0.9,0
CHEMBL114855,COC(=O)C(C)NP(=O)(OCC1C=CC(n2cc(C)c([O])nc2=O)O1)Oc1cccc(I)c1,,1.78,0
CHEMBL108791,COC(=O)C(C)Oc1ccc(Oc2ncc(C(F)(F)F)cc2Cl)cc1,,4.06,1
CHEMBL111945,COC(=O)C1(S(=O)(=O)c2ccc(Br)cc2)CC1,,2.32,0
CHEMBL112053,COC(=O)C1(S(=O)(=O)c2ccccc2)CCCC1,,1.98,0
CHEMBL114863,COC(=O)C1=C(C)NC(C)=C(C(=O)OC(C)C)C1c1cccc2c1OCO2,,4.15,1
CHEMBL114865,COC(=O)C1=C(C)NC(C)=C(C(=O)OCc2cccnc2)C1c1cccc2c1OCO2,,3.61,0
CHEMBL100253,COC(=O)C1=CCCN(C)C1,,0.35,0
CHEMBL103473,COC(=O)CCCCCC(=O)OC,,1.38,0
CHEMBL103020,COC(=O)CCCO,,-0.06,0
CHEMBL108433,COC(=O)N(C)SN(C)C(=O)ON=C(C)SC,,1.4,0
CHEMBL106079,COC(=O)Nc1c(C)cccc1C,,1.69,0
CHEMBL107600,COC(=O)Nc1cccc(OC)c1,,1.92,0
CHEMBL106377,COC(=O)[C@@H]1[C@@H](C=C(C)C)C1(C)C,,3.76,0
CHEMBL101488,COC(=O)[C@H]1[C@H]2C[C@H]3c4[nH]c5ccccc5c4CCN3C[C@H]2CC[C@@H]1O,,2.635,0
CHEMBL110477,COC(=O)[c-]1c(C)no[n+]1=O,,0.69,0
CHEMBL104659,COC(=O)c1cc(Cl)ccc1N,,3.3,0
CHEMBL108053,COC(=O)c1cc(Oc2ccc(C(F)(F)F)cc2Cl)ccc1Cl,,5.04,1
CHEMBL108320,COC(=O)c1cc(Sc2ccc(C(F)(F)F)cc2Cl)ccc1[N+](=O)[O-],,4.76,1
CHEMBL101348,COC(=O)c1ccc(C(=O)OC)cc1,,2.25,0
CHEMBL103267,COC(=O)c1ccc[nH]1,,1.17,0
CHEMBL108960,COC(=O)c1cccc(N2C(=O)CCC2=O)c1,,0.36,0
CHEMBL104479,COC(=O)c1ccccc1C(=O)O,,1.13,0
CHEMBL109054,COC(=O)c1ccccc1S(=O)(=O)NC(=O)Nc1nc(C)nc(OC)n1,,2.2,0
CHEMBL106991,COC(=O)c1cccnn1,,-0.43,0
CHEMBL112796,COC(=O)c1cnc2n(c1=O)C(C(C)C)CCC2,,0.99,0
CHEMBL106990,COC(=O)c1cncnc1,,0.03,0
CHEMBL103424,COC(C)(C)C,,0.94,0
CHEMBL107366,COC(C)(C)CCCC(C)C/C=C/C(C)=C/C(=O)OC(C)C,,5.5,1
CHEMBL108584,COC(O)=NC1=NCC(c2ccccc2F)N1C,,1.53,0
CHEMBL113213,COC(O)=NCCn1c([N+](=O)[O-])cnc1C,,0.02,0
CHEMBL113495,COC(O)Cn1c([N+](=O)[O-])nc(Br)c1Br,,1.02,0
CHEMBL112415,COC12C(COC(=N)O)C3=C(C(=O)C(C)=C(N)C3=O)N1CC1C2N1COC(=O)c1ccccc1,,1.26,0
CHEMBL104151,COC1=C(OC)C(=O)C=CC1=O,,0.34,0
CHEMBL108006,COC1C(Cl)C(Cl)C(OC)C(Cl)C1Cl,,3.15,0
CHEMBL102417,COC1C(O)C(C)OC(OC2CCC3(C)C(CCC4C3CCC3(C)C4(O)CC(O)C34C=CC(=O)OC4)C2)C1O,,0.59,0
CHEMBL113664,COCC(C)n1ccc(=O)c(O)c1C,,-0.26,0
CHEMBL108998,COCC(O)=Nc1c(I)c(C(=O)NCC(O)CO)c(I)c(C(=O)N(C)CC(O)CO)c1I,,-2.05,0
CHEMBL113428,COCC(O)Cn1c(C)cnc1[N+](=O)[O-],,0.03,0
CHEMBL114918,COCC1=C(C)N=C(c2ccc(OCC(O)CNCCc3ccc(OC)c(OC)c3)cc2)[N]1,,2.8,0
CHEMBL111114,COCCCNc1ncc(-c2ccncc2)cc1C#N,,2.03,0
CHEMBL112952,COCCNC(=S)C(F)(F)Cn1cnc([N+](=O)[O-])n1,,0.66,0
CHEMBL112843,COCCOCC1COC(c2ccc(Cl)cc2Cl)(n2cncn2)O1,,2.03,0
CHEMBL108105,COCCOCCOCCOc1ccccc1OCCOCCOCCOC,,0.38,0
CHEMBL107416,COCCOc1ccccc1,,1.73,0
CHEMBL109710,COCCn1cnc2[nH]c(=O)n(C)c(=N)c21,,-1.49,0
CHEMBL109709,COCCn1cnc2c(=N)n(C)c(=O)[nH]c21,,-0.96,0
CHEMBL106691,COCN1C(=O)CN=C(c2ccccc2Cl)c2cc(Cl)ccc21,,3.23,0
CHEMBL109759,CON(C)C(=O)Nc1ccc(N)cc1,,-0.16,0
CHEMBL109773,CON(C)C(=O)Nc1ccc(OCCCCOc2ccccc2)cc1,,3.57,0
CHEMBL109769,CON(C)C(O)=Nc1ccc(C(=O)c2ccccc2)cc1,,2.86,0
CHEMBL111998,CON1C(=O)CC2(CCCC2)C1=O,,1.15,0
CHEMBL108722,CONC=CCc1ccccc1,,2.14,0
CHEMBL105207,COP(=O)(OC)O/C(C)=C/C(=O)OC(C)c1ccccc1,,3.3,0
CHEMBL102086,COP(=O)(OC)OC,,-0.65,0
CHEMBL103788,COP(=O)(OC)Oc1ccc([N+](=O)[O-])c(C)c1,,1.69,0
CHEMBL103088,COP(=O)(OC)Oc1ccc([N+](=O)[O-])cc1,,1.33,0
CHEMBL108442,COP(=S)(OC)SCC(=O)N(c1ccc(Cl)cc1)C(C)C,,3.81,0
CHEMBL104436,COP(O)(=C=C(C)O)OC,,-0.86,0
CHEMBL103760,COP(O)(=NC(C)(C)C)Oc1cc(Cl)c(Cl)cc1Cl,,3.83,0
CHEMBL103759,COP(O)(=NCC(C)C)Oc1cc(Cl)c(Cl)cc1Cl,,3.86,0
CHEMBL111866,COc1c(C)cccc1NC(C)=O,,1.28,0
CHEMBL111298,COc1c(Cl)cc(Cl)c(O)c1C(=O)NCC1CCCN1CCF,,3.66,0
CHEMBL108333,COc1c(N(C)C)cc(Cc2c[nH]c(=N)nc2N)cc1N(C)C,,2.05,0
CHEMBL112700,COc1c(O)c(C)c(C)c(O)c1OC,,1.6,0
CHEMBL101331,COc1cc(-c2ccc(N)c(OC)c2)ccc1N,,1.81,0
CHEMBL104344,COc1cc(=NS(=O)(=O)c2ccc(N)cc2)nc(C)[nH]1,,0.61,0
CHEMBL101387,COc1cc(=NS(=O)(=O)c2ccc(N)cc2)nc(OC)[nH]1,,1.63,0
CHEMBL105871,COc1cc(C(=O)OC2NC(c3ccccc3)=c3cc(Cl)ccc3=NC2=O)cc(OC)c1OC,,3.75,0
CHEMBL111402,COc1cc(C(N)=O)ccc1-c1nc2cnccc2[nH]1,,1.18,0
CHEMBL111832,COc1cc(C(O)=Nc2ccc3nn(C)nc3c2)cc(OC)c1OC,,2.38,0
CHEMBL113627,COc1cc(C)c2c(c1OC)-c1ccc(OC)c(=O)cc1C(NC(=O)c1ccc([N+](=O)[O-])cc1)CC2,,2.96,0
CHEMBL112549,COc1cc(C)c2c(c1OC)-c1ccc(SC)c(=O)cc1C(NC1OCC(O)C(O)C1O)CC2,,1.4,0
CHEMBL108403,COc1cc(C)ccc1N=C1NCCN1,,1.64,0
CHEMBL105912,COc1cc(C)nn1-c1ccncn1,,0.5,0
CHEMBL100577,COc1cc(C=O)cc(OC)c1OC,,1.39,0
CHEMBL110025,COc1cc(C=O)ccc1OCCOC(=O)c1ccc(Cl)cc1,,3.71,0
CHEMBL106425,COc1cc(Cc2c[nH]c(=N)nc2N)cc(C)c1OC,,1.62,0
CHEMBL108898,COc1cc(Cc2c[nH]c(N)nc2=N)cc(O)c1O,,-0.31,0
CHEMBL108866,COc1cc(Cc2c[nH]c(N)nc2=N)cc(OC)c1-n1cccc1,,1.78,0
CHEMBL107963,COc1cc(Cc2cnc(N)nc2N)cc(OC)c1N,,0.83,0
CHEMBL112371,COc1cc(Cc2cnc(N)nc2N)cc2c1OCO2,,1.38,0
CHEMBL106953,COc1cc(Cl)cc(Cl)c1,,3.8,0
CHEMBL107939,COc1cc(N)c(Cl)cc1C(O)=NC1CCN(Cc2ccccc2)CC1,,3.58,0
CHEMBL107666,COc1cc(NCc2ccc3nc(=N)[nH]c(N)c3c2C)cc(OC)c1OC,,2.55,0
CHEMBL114932,COc1cc(OC)c(Cl)cc1N,,1.45,0
CHEMBL115004,COc1cc(OC)nc(Oc2cccc(C(F)(F)F)c2C(=O)O)n1,,2.7,0
CHEMBL109243,COc1cc([S+](C)[O-])ccc1-c1nc2ncncc2[nH]1,,0.53,0
CHEMBL105127,COc1cc2c(c(OC)c1O)-c1ccc(OC)c(=O)cc1[C@@H](NC(C)=O)CC2,,0.48,0
CHEMBL108878,COc1cc2c(c(OC)c1OC)-c1ccc(O)c(=O)cc1[C@@H](NC(=O)C(F)(F)F)CC2,,1.82,0
CHEMBL112006,COc1cc2nc[nH]c(=Nc3cccc(Cl)c3)c2cc1OC,,3.51,0
CHEMBL114984,COc1ccc(-c2ccsc2)cc1CNC1CCCNC1c1ccccc1,,4.8,1
CHEMBL109701,COc1ccc(-c2nc3ccncc3[nH]2)c(OC)c1,,2.56,0
CHEMBL113862,COc1ccc(-c2nnc(NC(=O)c3c(OC)cccc3OC)s2)cc1,,3.56,0
CHEMBL114981,COc1ccc(-n2[nH]nnc2=N)cc1,,0.85,0
CHEMBL109607,COc1ccc(Br)c(Cc2c[nH]c(=N)[nH]c2=N)c1,,2.0,0
CHEMBL109310,COc1ccc(C(=O)N(C(C)C)C(C)C)cc1,,2.8,0
CHEMBL112155,COc1ccc(C(=O)N(C)N=C(S)Nc2ccccc2)cc1,,2.56,0
CHEMBL112151,COc1ccc(C(=O)N(NC(=S)Nc2ccccc2)c2ccccc2)cc1,,3.94,0
CHEMBL100903,COc1ccc(C(=O)O)cc1,,1.96,0
CHEMBL109651,COc1ccc(C(O)=CS(=O)(=O)c2ccc(C)cc2)cc1,,2.47,0
CHEMBL114946,COc1ccc(C(O)=NN=Cc2c(CO)ccc(C)c2O)cc1,,3.34,0
CHEMBL110017,COc1ccc(C(O)C(C(=O)O)c2ccc(-c3ccccc3)cc2)cc1,,3.59,0
CHEMBL114958,COc1ccc(C2=C(O)C(O)N(CCN(C)C)c3cccc(C(F)(F)F)c3C2)cc1,,4.1,1
CHEMBL114955,COc1ccc(C2Cc3c(ccc(Br)c3OC)N(CCN(C)C)C(=O)C2OC(C)=O)cc1,,4.4,1
CHEMBL114965,COc1ccc(C2Cc3cc(SC)ccc3N(CCN(C)C)C(O)=C2OC(C)=O)cc1,,4.0,1
CHEMBL101003,COc1ccc(C=C(O)O)cc1,,1.42,0
CHEMBL102943,COc1ccc(C=CC(=O)O)cc1,,2.68,0
CHEMBL110331,COc1ccc(C=NN(C)P(=O)(N2CC2)N2CC2)cc1,,0.47,0
CHEMBL110401,COc1ccc(CCNCC(O)COc2ccc(-c3nc(C)c[nH]3)cc2OC)cc1OC,,1.89,0
CHEMBL108183,COc1ccc(CCNCC(O)COc2cccc(C)c2)cc1OC,,3.0,0
CHEMBL105046,COc1ccc(Cc2c[nH]c(=N)[nH]c2=N)c(OC)c1OC,,1.52,0
CHEMBL101028,COc1ccc(N)cc1,,0.95,0
CHEMBL104699,COc1ccc(N)cc1Cl,,1.85,0
CHEMBL106026,COc1ccc(NC(=O)N(C)C)cc1Cl,,1.64,0
CHEMBL108380,COc1ccc(NC(O)=NN)cc1,,0.17,0
CHEMBL114941,COc1ccc(O)c(C2=NC(C)(C(=O)O)CS2)c1,,1.8,0
CHEMBL108072,COc1ccc(O)c2ncccc12,,2.06,0
CHEMBL107530,COc1ccc(OC)c(N=C2NCCN2)c1,,0.97,0
CHEMBL114982,COc1ccc(S(C)(=O)=O)cc1CNC1CCCNC1c1ccccc1,,1.9,0
CHEMBL102105,COc1ccc([C@@H]2CC(=O)c3c(O)cc(O)cc3O2)cc1O,,2.6,0
CHEMBL102081,COc1ccc2c(c1)C13CCN4CC5=CCOC6CC(=O)N2C1C6C5CC43,,1.85,0
CHEMBL110551,COc1ccc2c(c1)OCC2N=C(O)CN1CCOCC1,,0.92,0
CHEMBL112244,COc1ccc2c(c1)OCC2NC(O)=CN1CCCC1,,1.92,0
CHEMBL100090,COc1ccc2c(c1)c(CC(=O)O)c(C)n2C(=O)c1ccc(Cl)cc1,,4.27,1
CHEMBL115018,COc1ccc2cc(C(C)C(=O)OCCCOC(C)=O)ccc2c1,,3.3,0
CHEMBL114989,COc1cccc(-n2nn[nH]c2=N)c1,,0.96,0
CHEMBL104812,COc1cccc(C(N)=O)c1,,0.85,0
CHEMBL104871,COc1cccc(C2C(=O)c3ccccc3C2=O)c1,,2.88,0
CHEMBL110249,COc1cccc(CN(C)N=O)c1,,1.6,0
CHEMBL113888,COc1cccc(OC)c1C(=O)N=c1[nH]nc(-c2ccc(Cl)cc2)s1,,3.96,0
CHEMBL100228,COc1cccc(OC)c1C(O)=N[C@@H]1C(=O)N2[C@@H]1SC(C)(C)[C@@H]2C(=O)O,,1.22,0
CHEMBL113861,COc1cccc(OC)c1C(O)=Nc1nnc(-c2ccccc2)s1,,3.5,0
CHEMBL109316,COc1cccc2c1C(=O)c1c(O)c3c(c(O)c1C2=O)CC(O)(C(C)=O)CC3OC1CC(N2CCOCC2)C(O)C(C)O1,,2.31,0
CHEMBL106400,COc1cccc2c1C(=O)c1c(O)c3c(c(O)c1C2=O)CC(O)(C(O)C=O)CC3O,,2.74,0
CHEMBL103767,COc1cccc2ccccc12,,3.45,0
CHEMBL110774,COc1ccccc1C(=O)N(NC(=O)c1ccccc1)C(C)(C)C,,2.04,0
CHEMBL107588,COc1ccccc1C(=O)c1ccncc1,,1.86,0
CHEMBL112882,COc1ccccc1C=CC(=O)OCCOc1ccc(C=NO)cc1OC,,3.56,0
CHEMBL113983,COc1ccccc1Cc1cnc(-c2ccccc2)c(-c2ccccc2)n1,,5.18,1
CHEMBL102887,COc1ccccc1Cl,,2.68,0
CHEMBL112124,COc1ccccc1N1CCN(CCNC(=O)c2cccs2)CC1,,2.0,0
CHEMBL107051,COc1ccccc1N1CCNCC1,,1.67,0
CHEMBL105114,COc1cccnc1,,0.99,0
CHEMBL106482,COc1ccco1,,1.44,0
CHEMBL113976,COc1cnc(-c2ccccc2)c(-c2ccccc2)n1,,4.21,1
CHEMBL115022,COc1cnc(C2=NC(C)(C(C)C)C(=O)N2)c(C(=O)O)c1,,0.61,0
CHEMBL111651,COc1cncc(N(C)C)n1,,1.99,0
CHEMBL105018,COc1cncc(N)n1,,0.73,0
CHEMBL104171,COc1cnccn1,,0.73,0
CHEMBL106801,COc1cncnc1,,0.07,0
CHEMBL108850,COc1ncc(-c2ccncc2)cc1C#N,,2.02,0
CHEMBL110824,COc1sc(C(=O)Nc2nn[nH]n2)c(OC(C)C)c1Br,,1.35,0
CHEMBL103277,CS(=O)(=O)Nc1ccccc1,,0.95,0
CHEMBL100842,CS(=O)(=O)c1ccc(Cl)cc1,,1.06,0
CHEMBL109879,CS(=O)(=O)c1ccc2ncccc2c1,,0.7,0
CHEMBL104104,CS(=O)(=O)c1cccc([N+](=O)[O-])c1,,0.5,0
CHEMBL112630,CS(=O)(O)=CCC(N)=C(O)O,,-3.1,0
CHEMBL110812,CSC=C(O)CN=O,,1.21,0
CHEMBL115075,CSCCC(N=C(O)C(N)Cc1ccccc1)C(=O)O,,-1.59,0
CHEMBL115074,CSCCC(NC(O)=C(N)CC(C)C)=C(O)O,,-1.87,0
CHEMBL111525,CSc1cc(C(C)C(=O)O)ccc1-c1nccs1,,3.02,0
CHEMBL105358,CSc1ccc(C(=O)O)cc1,,2.74,0
CHEMBL106297,CSc1ccc(NS(=O)(=O)C(F)(F)F)cc1,,3.74,0
CHEMBL108485,CSc1cccc(-c2nc(N)nc(=N)[nH]2)c1,,2.16,0
CHEMBL103492,CSc1cccc(N)c1,,1.45,0
CHEMBL102962,CSc1ccccc1C1=NCC(=O)Nc2ccc(Cl)cc21,,2.99,0
CHEMBL102547,CSc1nc2ccccc2s1,,3.15,0
CHEMBL104074,CSc1nccnc1C,,1.81,0
CHEMBL111271,C[C-]1C(=C=O)NO[N+]1=O,,1.02,0
CHEMBL110692,C[C@@H]1CN(c2c(F)c(N)c3c(=O)c(C(=O)O)cn(C4CC4)c3c2F)C[C@H](C)N1,,-0.02,0
CHEMBL101865,C[C@@H]1C[C@H]2[C@@H]3CCC4=CC(=O)C=C[C@]4(C)[C@@]3(F)[C@@H](O)C[C@]2(C)[C@H]1C(O)=CO,,2.35,0
CHEMBL101972,C[C@@H]1O[C@@H](O[C@@H]2C=C3CC[C@@H]4[C@H](CC[C@]5(C)[C@@H](c6ccc(=O)oc6)CC[C@]45O)[C@@]3(C)CC2)[C@H](O)[C@H](O)[C@H]1O,,2.48,0
CHEMBL101826,C[C@H](CN1CCOCC1)C(C(=O)N1CCCC1)(c1ccccc1)c1ccccc1,,3.61,0
CHEMBL102217,C[C@H]1O[C@@H](O[C@H]2CC[C@@]3(C)[C@H](CC[C@@H]4[C@@H]3CC[C@]3(C)[C@@H](C5=CC(=O)OC5)[C@@H](O)C[C@]43O)C2)C[C@H](O)[C@@H]1O,,1.77,0
CHEMBL101448,C[C@]12C=CC(O)=CC1=CC[C@H]1[C@@H]3C[C@@H](O)[C@](O)(C(O)C=O)[C@@]3(C)C[C@H](O)[C@@]12F,,1.16,0
CHEMBL103442,C[C@]12CC[C@H](O)C[C@H]1CC[C@@H]1[C@@H]2C[C@@H](O)[C@]2(C)[C@@H](C3=CC(=O)OC3)CC[C@]12O,,1.1,0
CHEMBL100169,C[C@]12CC[C@H]3[C@@H](CCC4=CC(=O)CC[C@@]43C)[C@@H]1CC[C@@H]2O,,3.32,0
CHEMBL109616,C[CH-]c1ccc(C[N+](=O)C(C)(C)C)cc1,,2.19,0
CHEMBL105751,C[N+](C)(C)Cc1cccnc1,,-3.5,0
CHEMBL100294,C[S+](C)[O-],,-1.35,0
CHEMBL112457,C[S+]([O-])c1sc(C#N)c(Cl)c1C#N,,2.15,0
CHEMBL112201,C[c-]1c(Sc2ccccc2)no[n+]1=O,,2.63,0
CHEMBL103614,Cc1c(C(=O)O)cccc1[N+](=O)[O-],,2.16,0
CHEMBL115155,Cc1c(C)c2cc(C)c3occc3c2oc1=O,,3.23,0
CHEMBL115190,Cc1c(C)c2ccc3occ(C)c3c2oc1=O,,3.34,0
CHEMBL115082,Cc1c(O)c(=O)ccn1CCCO,,-0.88,0
CHEMBL115086,Cc1c(O)c(=O)ccn1CCCOC(=O)c1ccccc1O,,1.4,0
CHEMBL111949,Cc1c([S+]([O-])c2ccccc2)[n-]o[n+]1=O,,1.5,0
CHEMBL102753,Cc1cc(=O)c(O)co1,,-0.59,0
CHEMBL109916,Cc1cc(=O)oc2c1cc(C)c1occ(C)c12,,3.23,0
CHEMBL106763,Cc1cc(Br)cnc1NS(=O)(=O)c1ccc(N)cc1,,2.05,0
CHEMBL105323,Cc1cc(C)c(N(C)C)c(C)c1,,4.41,1
CHEMBL106943,Cc1cc(C)c(S(=O)(=O)c2ccc(N)cc2)c(C)c1,,3.06,0
CHEMBL115153,Cc1cc(C)cc(OCC2CN=C(N)O2)c1,,2.25,0
CHEMBL111169,Cc1cc(Cc2c(Cl)cccc2Cl)c(Cl)cc1Cl,,6.73,1
CHEMBL111167,Cc1cc(Cc2cc(Cl)ccc2Cl)c(Cl)cc1Cl,,7.53,1
CHEMBL104971,Cc1cc(Cl)c(Cl)cc1Cl,,4.56,1
CHEMBL113294,Cc1cc(O)cc(Br)c1O,,1.38,0
CHEMBL102771,Cc1cc(O)cc(C)c1O,,1.0,0
CHEMBL115097,Cc1cc2c(o1)c(C)cc1c(C)cc(=O)n(C)c12,,3.43,0
CHEMBL113914,Cc1cc2cc3c(C)cc(=O)oc3c(C)c2o1,,3.14,0
CHEMBL100757,Cc1cc2ccccc2[nH]1,,2.53,0
CHEMBL102751,Cc1ccc(-c2ccccc2)cc1,,4.63,1
CHEMBL100037,Cc1ccc(C(=O)O)c(O)c1,,2.99,0
CHEMBL100895,Cc1ccc(C(=O)O)cc1,,2.27,0
CHEMBL115113,Cc1ccc(C(=O)OCCCn2ccc(=O)c(O)c2C)cn1,,0.28,0
CHEMBL102050,Cc1ccc(C(C)C)cc1O,,3.49,0
CHEMBL102672,Cc1ccc(C)[nH]1,,1.47,0
CHEMBL100780,Cc1ccc(C)c(N)c1,,1.83,0
CHEMBL100786,Cc1ccc(C)c(O)c1,,2.33,0
CHEMBL108506,Cc1ccc(C)c(Oc2cccc(C(=O)NC(C)(C)C)c2)c1,,4.78,1
CHEMBL108505,Cc1ccc(C)c(Oc2cccc(C(O)=NC(C)C)c2)c1,,4.35,1
CHEMBL109139,Cc1ccc(C)n1Nc1ccc(N(CCO)CC(C)O)nn1,,1.3,0
CHEMBL109360,Cc1ccc(C=C(C#N)C#N)o1,,2.03,0
CHEMBL104095,Cc1ccc(CC#N)cc1,,1.67,0
CHEMBL104204,Cc1ccc(CCN)cc1,,1.83,0
CHEMBL108382,Cc1ccc(CN(C)N=O)cc1,,2.14,0
CHEMBL115163,Cc1ccc(CO)c(C=NNC(=O)c2ccc([N+](=O)[O-])cc2)c1O,,3.03,0
CHEMBL113348,Cc1ccc(Cl)c(C)c1,,3.83,0
CHEMBL100771,Cc1ccc(N)cc1C,,1.84,0
CHEMBL100781,Cc1ccc(N)cc1N,,0.14,0
CHEMBL103400,Cc1ccc(N)nc1,,1.02,0
CHEMBL104580,Cc1ccc(N=C2NCCN2)c(C)c1,,1.79,0
CHEMBL111657,Cc1ccc(N=c2c([N+](=O)[O-])c(C)[nH]n2-c2ccccc2)cc1,,3.43,0
CHEMBL104735,Cc1ccc(NC(=O)CN2CCCCC2)cc1,,2.96,0
CHEMBL103877,Cc1ccc(O)c(-n2nc3ccccc3n2)c1,,4.31,1
CHEMBL101042,Cc1ccc(O)c(C)c1,,2.3,0
CHEMBL106058,Cc1ccc(OC2OC(CO)C(O)C(O)C2O)cc1,,-0.16,0
CHEMBL115175,Cc1ccc(OCC2CNC(=N)O2)c(C)c1,,2.23,0
CHEMBL107605,Cc1ccc(O[Si]23OCCN(CCO2)CCO3)cc1,,0.08,0
CHEMBL103324,Cc1ccc(S(=O)(=O)NC(O)=NN2CCCCC2)cc1,,1.34,0
CHEMBL111377,Cc1ccc(S(=O)(=O)c2coc(S(=N)(=O)O)c2)cc1,,1.49,0
CHEMBL100322,Cc1ccc(S(N)(=O)=O)cc1,,0.82,0
CHEMBL101358,Cc1ccc([N+](=O)[O-])cc1[N+](=O)[O-],,1.98,0
CHEMBL107321,Cc1ccc2c(c1)nc(N)n2C,,1.47,0
CHEMBL100680,Cc1ccc2ccccc2n1,,2.59,0
CHEMBL103874,Cc1ccc2nc3sc(=O)sc3nc2c1,,3.78,0
CHEMBL105028,Cc1cccc(C(=O)N(C)C)c1,,1.6,0
CHEMBL102162,Cc1cccc(C(C)C)c1,,4.5,1
CHEMBL115120,Cc1cccc(C)c1CC1=C[N]N=C1,,3.6,0
CHEMBL115116,Cc1cccc(C)c1CCN,,2.38,0
CHEMBL100590,Cc1cccc(C)c1N,,1.84,0
CHEMBL107099,Cc1cccc(C)c1N=C(O)C1CNCCN1,,0.38,0
CHEMBL100809,Cc1cccc(C)c1NC(=O)C1CCCCN1C,,1.95,0
CHEMBL106134,Cc1cccc(C)c1NC(=O)CN(C)C,,0.94,0
CHEMBL110502,Cc1cccc(C)c1NN=C(C#N)C#N,,2.8,0
CHEMBL107987,Cc1cccc(C)c1OC(=O)c1ccc(N)cc1O,,3.88,0
CHEMBL108357,Cc1cccc(C2CNCCO2)c1,,1.52,0
CHEMBL108381,Cc1cccc(CN(C)N=O)c1,,1.96,0
CHEMBL101374,Cc1cccc(N(C)C)c1,,2.8,0
CHEMBL115126,Cc1cccc(N2CCN(CC3CN=C(N)O3)CC2)c1,,1.46,0
CHEMBL106051,Cc1cccc(N=NN(C)C)c1,,2.85,0
CHEMBL107976,Cc1cccc(N=c2cc[nH]cc2S(=O)(=O)NC(O)=NC(C)C)c1,,3.37,0
CHEMBL105775,Cc1cccc(NC2=NCCN2)c1Cl,,1.83,0
CHEMBL107835,Cc1cccc(OC(C)C(=O)NNC(C)C)c1,,1.88,0
CHEMBL104093,Cc1cccc(OCC(O)CNC(C)C)c1,,1.93,0
CHEMBL113351,Cc1cccc(OCCO)c1,,1.76,0
CHEMBL100860,Cc1cccc([N+](=O)[O-])c1,,2.45,0
CHEMBL100647,Cc1cccc2ccccc12,,3.87,0
CHEMBL102135,Cc1ccccc1C#N,,2.21,0
CHEMBL114281,Cc1ccccc1Nc1ccncc1S(=O)(=O)NC(N=C=N)=NC(C)C,,1.67,0
CHEMBL107984,Cc1ccccc1OC(=O)c1ccc(N)cc1O,,3.14,0
CHEMBL101472,Cc1ccnc(NS(=O)(=O)c2ccc(N)cc2)n1,,0.14,0
CHEMBL115251,Cc1cn(C2C=CC(COP3(=O)OCc4cc([N+](=O)[O-])ccc4O3)O2)c(=O)nc1[O],,0.18,0
CHEMBL113637,Cc1cn(C2CC(N=[N+]=[N-])C(COC(=O)CCNC(=O)C34CC5CC(CC(C5)C3)C4)O2)c(O)nc1=O,,2.14,0
CHEMBL104129,Cc1cn([C@H]2C=C[C@@H](CO)O2)c(O)nc1=O,,-0.72,0
CHEMBL106490,Cc1cn([C@H]2C[C@H](F)[C@@H](CO)O2)c(=O)[nH]c1=O,,-0.28,0
CHEMBL113982,Cc1cnc(-c2ccc(C#N)cc2)c(-c2ccc(C#N)cc2)n1,,2.52,0
CHEMBL104767,Cc1cncc(C(N)=O)n1,,-0.13,0
CHEMBL106799,Cc1csc(Cl)c1NC1=NCCN1,,1.18,0
CHEMBL107726,Cc1n[nH]c(=N)o1,,-0.92,0
CHEMBL108927,Cc1nc(C#N)c(C#N)nc1Cl,,1.29,0
CHEMBL114763,Cc1nc2c3c(c(C(=O)N(C)C)cn2c1C)CCC(c1ccc(F)cc1)O3,,3.5,0
CHEMBL114768,Cc1nc2c3c(c(C(=O)N(C)C)cn2c1CO)CCC(c1ccccc1)O3,,1.72,0
CHEMBL115196,Cc1nc2ccccc2c(=O)n1C=C(O)NCc1ccccc1,,1.78,0
CHEMBL105780,Cc1nc2ccccn2c(=O)c1C,,1.0,0
CHEMBL108975,Cc1nc[nH]c1CSCCN=c1[nH]cc(Cc2ccc3c(c2)OCO3)c(=O)[nH]1,,2.11,0
CHEMBL110272,Cc1nc[nH]c1CSCCNc1nccc(O)c1[N+](=O)[O-],,-0.2,0
CHEMBL113690,Cc1ncc(=CO)c(=CNN=C(O)c2ccc([N+](=O)[O-])cc2)c1O,,1.55,0
CHEMBL113688,Cc1ncc(C=O)c(CNNC(=O)c2ccc(O)cc2)c1O,,1.89,0
CHEMBL113695,Cc1ncc(CO)c(C=NN=C(O)c2cccc(F)c2)c1O,,2.42,0
CHEMBL109751,Cc1ncc([N+](=O)[O-])[nH]1,,0.15,0
CHEMBL102230,Cc1ncc([N+](=O)[O-])n1C,,0.31,0
CHEMBL115143,Cc1ncc([N+](=O)[O-])n1CCN=[N+]=[N-],,0.76,0
CHEMBL112903,Cc1ncc([N+](=O)[O-])n1CCNC(=O)OC(C)C,,0.88,0
CHEMBL113262,Cc1ncc([N+](=O)[O-])n1CCNC(=O)OC1CCCCC1,,2.01,0
CHEMBL102809,Cc1ncc[nH]1,,0.24,0
CHEMBL102854,Cc1nn(-c2ccccc2)c(C)c1N=O,,2.28,0
CHEMBL112283,Cc1nonc1-c1ccccn1,,2.09,0
CHEMBL104802,Cc1nsnc1C,,1.28,0
CHEMBL112451,Cc1sc([S+](C)[O-])c([N+](=O)[O-])c1C,,2.65,0
CHEMBL110866,Cc1ssc(=S)c1Cc1ccccc1,,3.78,0
CHEMBL102832,ClC(Cl)(Cl)Sc1ccccc1,,3.78,0
CHEMBL109870,ClC1=CC(Cl)C(Cl)C(Cl)C1,,3.72,0
CHEMBL113021,ClC1=CC2(Cl)C3C(Cl)C(Cl)C(Cl)C3C1(Cl)C2(Cl)Cl,,5.91,1
CHEMBL101767,ClC1C=CC(Cl)C(Cl)C1Cl,,3.08,0
CHEMBL101568,ClCCCCl,,2.0,0
CHEMBL102243,ClCCN(CCCl)c1ccccc1,,2.9,0
CHEMBL106871,ClCCOC(c1ccccc1)c1ccccc1,,4.38,1
CHEMBL106812,Clc1c(Cl)c(Cl)c(Oc2c(Cl)c(Cl)c(Cl)c(Cl)c2Cl)c(Cl)c1Cl,,8.16,1
CHEMBL106968,Clc1cc(Cl)c(-c2c(Cl)cc(Cl)cc2Cl)c(Cl)c1,,7.55,1
CHEMBL107233,Clc1cc(Cl)c(-c2c(Cl)ccc(Cl)c2Cl)cc1Cl,,7.28,1
CHEMBL105681,Clc1cc(Cl)c(-c2ccccc2)cc1Cl,,5.81,1
CHEMBL103854,Clc1cc(Cl)c(Cl)nc1Cl,,3.32,0
CHEMBL109508,Clc1cc(Cl)c(Oc2cc(Cl)c(Cl)c(Cl)c2Cl)cc1Cl,,7.46,1
CHEMBL109488,Clc1cc(Cl)c2c(oc3c(Cl)cccc32)c1Cl,,6.31,1
CHEMBL108845,Clc1cc(Cl)c2c(oc3ccc(Cl)c(Cl)c32)c1Cl,,6.51,1
CHEMBL107763,Clc1cc(Cl)c2cc(Cl)cc(Cl)c2c1,,6.19,1
CHEMBL107308,Clc1cc(Cl)cc(-c2cc(Cl)c(Cl)c(Cl)c2Cl)c1,,7.43,1
CHEMBL109937,Clc1cc(Cl)cc(O[Si]23OCCN(CCO2)CCO3)c1,,1.22,0
CHEMBL111967,Clc1cc(Cl)cc(Oc2ccc(Cl)cc2Cl)c1,,6.13,1
CHEMBL106434,Clc1cc(Cl)cc(Oc2ccccc2)c1,,5.21,1
CHEMBL108170,Clc1cc2c(Cl)c(Cl)c(Cl)c(Cl)c2c(Cl)c1Cl,,8.2,1
CHEMBL107236,Clc1ccc(-c2cc(Cl)c(Cl)c(Cl)c2Cl)cc1Cl,,7.6,1
CHEMBL106872,Clc1ccc(-c2cc(Cl)c(Cl)cc2Cl)cc1,,6.67,1
CHEMBL106803,Clc1ccc(-c2cc(Cl)c(Cl)cc2Cl)cc1Cl,,7.12,1
CHEMBL106864,Clc1ccc(-c2ccc(Cl)c(Cl)c2)c(Cl)c1,,6.31,1
CHEMBL107245,Clc1ccc(-c2cccc(Cl)c2Cl)cc1,,5.42,1
CHEMBL107027,Clc1ccc(-c2ccccc2Cl)cc1,,5.09,1
CHEMBL115278,Clc1ccc(-c2noc(N3CCOCC3)n2)cc1,,3.1,0
CHEMBL107229,Clc1ccc(Cl)c(-c2c(Cl)ccc(Cl)c2Cl)c1,,6.55,1
CHEMBL107070,Clc1ccc(Cl)c(-c2cc(Cl)ccc2Cl)c1,,6.09,1
CHEMBL107025,Clc1ccc(Cl)c(-c2ccccc2)c1,,5.1,1
CHEMBL109444,Clc1ccc(Cl)c(NC2=NCCN2)c1Cl,,2.46,0
CHEMBL101558,Clc1ccc(Cl)nn1,,0.7,0
CHEMBL115269,Clc1ccc(N2CCN(CCn3nc4ccccc4n3)CC2)cc1,,4.05,1
CHEMBL112532,Clc1ccc(OCc2cccc(CN3CCOCC3)c2)cc1,,3.52,0
CHEMBL112029,Clc1ccc(Oc2c(Cl)ccc(Cl)c2Cl)cc1Cl,,6.31,1
CHEMBL108905,Clc1ccc(Oc2cc(Cl)c(Cl)c(Cl)c2Cl)c(Cl)c1Cl,,7.28,1
CHEMBL112065,Clc1ccc(Oc2cccc(Cl)c2Cl)cc1Cl,,5.99,1
CHEMBL108312,Clc1ccc(Oc2ccccc2Cl)cc1Cl,,5.5,1
CHEMBL108680,Clc1ccc2c(Cl)c(Cl)c(Cl)c(Cl)c2c1,,7.0,1
CHEMBL107715,Clc1cccc(-c2c(Cl)c(Cl)cc(Cl)c2Cl)c1Cl,,7.25,1
CHEMBL107847,Clc1cccc(-c2cc(Cl)c(Cl)c(Cl)c2Cl)c1Cl,,7.32,1
CHEMBL107244,Clc1cccc(-c2cccc(Cl)c2Cl)c1,,5.57,1
CHEMBL103596,Clc1cccc(C(Cl)(Cl)Cl)n1,,3.41,0
CHEMBL106655,Clc1cccc(Cl)c1Oc1ccccc1,,4.64,1
CHEMBL109672,Clc1cccc(O[Si]23OCCN(CCO2)CCO3)c1,,0.46,0
CHEMBL112037,Clc1cccc(Oc2ccc(Cl)c(Cl)c2Cl)c1Cl,,6.3,1
CHEMBL103673,Clc1ccccc1-c1ccccc1,,4.53,1
CHEMBL113744,Clc1ccccc1Oc1ccc(Cl)c(Cl)c1Cl,,5.72,1
CHEMBL104006,Clc1ccccc1Oc1ccccc1,,4.45,1
CHEMBL106009,Clc1cnc(Cl)cn1,,1.58,0
CHEMBL103887,Clc1cncc(Cl)c1,,2.56,0
CHEMBL106424,Clc1nonc1-c1ccccc1,,3.2,0
CHEMBL102518,Cn1c(=O)[nH]c2[nH]c(=O)[nH]c(=O)c21,,-1.18,0
CHEMBL100176,Cn1c(=O)c2[nH]cnc2n(C)c1=O,,-0.03,0
CHEMBL100164,Cn1c(=O)c2c(ncn2C)n(C)c1=O,,-0.07,0
CHEMBL104045,Cn1c(=O)sc2ccccc21,,1.98,0
CHEMBL106963,Cn1c(O)nc2nc(=O)n(C)c-2c1O,,-0.22,0
CHEMBL112529,Cn1c(SCC2=C(C(=O)O)N3C(O)=C(NC(=O)Cc4cccs4)C3SC2)n[nH]c(=O)c1=O,,-0.52,0
CHEMBL106937,Cn1c([N+](=O)[O-])cnc1C1=NOC2CCCCC12,,2.22,0
CHEMBL113267,Cn1c([N+](=O)[O-])cnc1Cc1ccc(C(N)=O)cc1,,0.55,0
CHEMBL115317,Cn1c2c(c3cc([N+](=O)[O-])ccc31)CCNC2,,2.07,0
CHEMBL105009,Cn1cc2ccc([N+](=O)[O-])cc2n1,,1.76,0
CHEMBL100536,Cn1ccc(=O)c2ccccc21,,0.44,0
CHEMBL102984,Cn1ccc(=O)n(C)c1=O,,-0.54,0
CHEMBL112784,Cn1cccc1CN=NC(O)=Nc1ccccc1,,2.71,0
CHEMBL102811,Cn1ccccc1=O,,-0.23,0
CHEMBL103441,Cn1ccnc1[N+](=O)[O-],,-0.17,0
CHEMBL103040,Cn1cnc([N+](=O)[O-])c1Br,,0.36,0
CHEMBL105034,Cn1cnc([N+](=O)[O-])c1S(=O)(=O)Oc1ccccc1,,1.08,0
CHEMBL106543,Cn1cnc([N+](=O)[O-])n1,,-0.68,0
CHEMBL102825,Cn1cnc2c(=N)[nH]cnc21,,-0.03,0
CHEMBL111831,Cn1nc2ccc(N=C(O)c3ccc([N+](=O)[O-])cc3)cc2n1,,2.53,0
CHEMBL100395,FC(Cl)(Cl)Cl,,2.53,0
CHEMBL102789,FC(F)(F)C(F)(F)C(F)(F)C(F)(F)C(F)(F)F,,4.4,1
CHEMBL112314,FC(F)(F)CCc1ccccc1,,3.31,0
CHEMBL100397,FC(F)(F)Cl,,1.65,0
CHEMBL115326,FC(F)(F)c1cccc(CN=C2[N]C=Nc3[nH]cnc32)c1,,3.08,0
CHEMBL101766,FC(F)(F)c1cccc2cccnc12,,2.5,0
CHEMBL111266,FC(F)(F)c1ccccc1C1OCC2=C(c3ccccc3)NOC2CO1,,4.31,1
CHEMBL100606,FC(F)(F)c1ccccc1Cl,,3.53,0
CHEMBL103823,FC(F)(F)c1nc2c(Br)c(Br)c(Br)c(Br)c2[nH]1,,4.81,1
CHEMBL102062,FCC1CO1,,-0.16,0
CHEMBL103616,Fc1ccc(C2=CCNCC2)cc1,,2.37,0
CHEMBL101817,Fc1ccc(Cl)cc1,,2.78,0
CHEMBL111277,Fc1ccc(Oc2ccnc3cc(Cl)cc(Cl)c23)cc1,,4.66,1
CHEMBL101957,Fc1ccccc1,,2.27,0
CHEMBL115333,Fc1ccccc1CN=c1nc[nH]c2nc[nH]c12,,2.27,0
CHEMBL109743,Fc1ccnc(N2CCNCC2)n1,,0.97,0
CHEMBL101985,Fc1cncnc1,,-0.03,0
CHEMBL104418,ICCCc1ccccc1,,3.9,0
CHEMBL101165,N#CC#CN,,-0.6,0
CHEMBL104011,N#CC(C#N)=Cc1ccccc1,,2.18,0
CHEMBL104316,N#CC(C#N)=NNc1ccc([N+](=O)[O-])cc1,,2.37,0
CHEMBL104315,N#CC(C#N)N=Nc1cccc(Cl)c1Cl,,3.85,0
CHEMBL110372,N#CC(C#N)N=Nc1ccccc1C(F)(F)F,,4.2,1
CHEMBL107875,N#CC(C#N)N=Nc1ccccc1Cl,,3.12,0
CHEMBL103576,N#CC=Cc1ccccc1,,1.96,0
CHEMBL115612,N#CCCOC1Cc2c(O)cc(O)cc2OC1c1ccc(O)c(O)c1,,0.96,0
CHEMBL102759,N#CCCc1ccccc1,,1.72,0
CHEMBL113481,N#CCc1ccc(O)c2ncccc12,,1.81,0
CHEMBL110872,N#CN=[N+]([O-])c1ccc(C#N)cc1,,1.18,0
CHEMBL104750,N#Cc1c[nH]c2ccccc12,,2.32,0
CHEMBL110045,N#Cc1cc(-c2ccccc2)n[nH]c1=NCCN1CCOCC1,,1.89,0
CHEMBL110639,N#Cc1cc(-c2ccncc2)c[nH]c1=NCCCCO,,1.93,0
CHEMBL111113,N#Cc1cc(-c2ccncc2)cnc1N1CCCC1,,2.95,0
CHEMBL112303,N#Cc1cc(OCC(=O)O)ccc1Cl,,1.56,0
CHEMBL104908,N#Cc1ccc(N=CO)cc1,,1.08,0
CHEMBL104173,N#Cc1ccc([N+](=O)[O-])n1CCO,,0.6,0
CHEMBL112505,N#Cc1cccc(N2C(=O)CCC2=O)c1,,0.02,0
CHEMBL102515,N#Cc1ccccc1[N+](=O)[O-],,1.02,0
CHEMBL104100,N#Cc1ccnc2ccccc12,,1.98,0
CHEMBL104488,N#Cc1cnc(=O)[nH]c1O,,-0.93,0
CHEMBL104223,N#Cc1sc2c(=O)c3ccccc3c(=O)c=2sc1C#N,,2.84,0
CHEMBL101600,N=C(Cc1ccc(N(CCCl)CCCl)cc1)C(O)O,,-0.52,0
CHEMBL105196,N=C(Cc1ccccc1)C(O)N1CCCC1=C(O)O,,-1.23,0
CHEMBL107486,N=C(N)N=C(O)Nc1ccc([N+](=O)[O-])c(Cl)c1,,1.79,0
CHEMBL110426,N=C(N)NN=Cc1ccc(Cl)c([N+](=O)[O-])c1,,0.53,0
CHEMBL104358,N=C(N)c1ccc(N)cc1,,-0.37,0
CHEMBL100544,N=C(O)C1CCN(CCCN2c3ccccc3Sc3ccc(Cl)cc32)CC1,,4.44,1
CHEMBL109534,N=C(O)CCCc1cccnc1,,-0.08,0
CHEMBL108913,N=C(O)CCCc1ccncc1,,-0.09,0
CHEMBL101581,N=C(O)CI,,-0.19,0
CHEMBL109731,N=C(O)NCCCn1nc(-c2ccccc2)ccc1=O,,0.69,0
CHEMBL111201,N=C(O)NS(=O)(=O)Cc1ccccc1,,0.24,0
CHEMBL102898,N=C(O)Nc1cccc(F)c1,,1.29,0
CHEMBL102566,N=C(O)c1cccc(O)c1,,0.39,0
CHEMBL103391,N=C(O)c1cccc(S(N)(=O)=O)c1,,-0.84,0
CHEMBL100621,N=C(O)c1ccccc1C(N)=O,,-1.73,0
CHEMBL100999,N=C(S)Nc1ccccc1,,0.71,0
CHEMBL106352,N=C=C=C(O)NC(CO)C(O)c1ccc([N+](=O)[O-])cc1,,-0.22,0
CHEMBL102711,N=C=CCCCCC=C=N,,0.59,0
CHEMBL103510,N=S(=O)(O)c1cc2c(cc1Cl)NC(CCl)NS2(=O)=O,,0.11,0
CHEMBL110557,N=S(=O)(O)c1cc2c(s1)S(=O)(=O)CC=C2O,,-0.04,0
CHEMBL110666,N=S(=O)(O)c1ccc(S(=O)(=O)CCCO)c(F)c1,,-0.41,0
CHEMBL100836,N=S(=O)(O)c1cccc(N)c1,,-0.38,0
CHEMBL115395,N=S(=O)(O)c1ccncn1,,-0.2,0
CHEMBL113405,N=c1[nH]cc(Cc2cccc(Cl)c2Cl)c(=N)[nH]1,,2.81,0
CHEMBL105390,N=c1[nH]cccc1C(N)=O,,0.88,0
CHEMBL104413,N=c1[nH]cnc2c1ncn2[C@H]1CC[C@@H](CO)O1,,-0.25,0
CHEMBL107082,N=c1c2ccc[nH]c-2ccc1[N+](=O)[O-],,1.61,0
CHEMBL102394,N=c1cc[nH]cn1,,-0.25,0
CHEMBL104638,N=c1cncc[nH]1,,-0.07,0
CHEMBL109216,N=c1nc(-c2ccnc(NCCc3ccccc3)c2)[nH][nH]1,,2.63,0
CHEMBL101300,N=c1nc2c(ncn2C2OC(CO)C(O)C2O)c(O)[nH]1,,-1.9,0
CHEMBL104755,N=c1nccc[nH]1,,-0.22,0
CHEMBL100094,NC(=Cc1c[nH]c2ccccc12)C(O)O,,-1.055,0
CHEMBL104091,NC(=Cc1ccc([N+](=O)[O-])cc1)C(O)O,,-1.25,0
CHEMBL108757,NC(=O)CCCn1nnc2ccccc21,,0.37,0
CHEMBL108756,NC(=O)CCn1nnc2ccccc21,,0.27,0
CHEMBL102624,NC(=O)COc1ccccc1,,0.76,0
CHEMBL107756,NC(=O)OC1c2ccccc2C2CCCCC2C1OC(N)=O,,2.17,0
CHEMBL113543,NC(=O)c1cc(-c2ccccc2)n[nH]c1=NCCN1CCOCC1,,1.86,0
CHEMBL101378,NC(=O)c1cc([N+](=O)[O-])cc([N+](=O)[O-])c1,,0.83,0
CHEMBL113684,NC(=O)c1cccc(-c2c[nH]c(SCCc3c[nH]cn3)n2)c1,,1.61,0
CHEMBL104746,NC(=O)c1cccnn1,,-0.73,0
CHEMBL112210,NC(=O)c1nc[nH]c1N=NN(CCO)Cc1ccccc1,,0.99,0
CHEMBL112720,NC(CC1=c2ccc(F)cc2=N[CH]1)=C(O)O,,-0.78,0
CHEMBL106083,NC(Cc1c[nH]c2ccccc12)=C(O)NC(Cc1c[nH]c2ccccc12)C(=O)O,,-0.27,0
CHEMBL110230,NC(Cc1ccccc1)C(=O)OCn1[nH]cc2c(=O)ncnc1-2,,0.4,0
CHEMBL112735,NC(N)=NCCCCc1ccccc1,,1.59,0
CHEMBL109536,NC(O)=CCCCc1cccnc1,,0.4,0
CHEMBL112561,NC(O)=Cc1ccc(C(=O)O)cc1,,0.3,0
CHEMBL103828,NC1=CC(=O)c2ccccc2C1=O,,1.77,0
CHEMBL109955,NC1=NCC(CN2CCN(c3ccccc3)CC2)O1,,0.85,0
CHEMBL107167,NC1=Nc2cc(Cl)ccc2S(=O)(O)=N1,,0.91,0
CHEMBL115425,NC1=c2ccc(Cl)cc2=NC(=O)[C]1c1ccccc1,,2.95,0
CHEMBL110685,NC1C2CCC1c1ccc(C(F)(F)F)cc1C2,,3.54,0
CHEMBL110683,NC1C2CCC1c1ccccc1C2,,1.63,0
CHEMBL115391,NC=C(O)NC(Cc1ccccc1)=C(O)NC(Cc1ccc(O)cc1)C(=O)O,,-1.96,0
CHEMBL106652,NC=C=Nc1ccccc1C(=O)O,,1.8,0
CHEMBL101008,NCC(O)c1ccc(O)cc1,,-0.9,0
CHEMBL100319,NCCCC(N)C(=O)O,,-4.22,0
CHEMBL104796,NCCCCN=C(O)c1ccccc1,,0.58,0
CHEMBL101164,NCCCN,,-1.43,0
CHEMBL100057,NCCc1c[nH]cn1,,-0.7,0
CHEMBL107136,NCCn1ccc(=O)c(O)c1,,-0.66,0
CHEMBL109303,NCc1ccccc1Sc1ccccc1CO,,2.39,0
CHEMBL105485,NNC(=O)c1cccc(N)c1,,-0.86,0
CHEMBL102533,NNC(=O)c1ccccc1,,0.19,0
CHEMBL107934,NS(=O)(=O)c1cc(C(=O)O)cc(N2CCCC2)c1Oc1ccccc1,,3.92,0
CHEMBL105977,NS(=O)(=O)c1cc2c(cc1Br)NC=NS2(=O)=O,,0.0,0
CHEMBL101507,NS(=O)(=O)c1cc2c(cc1Cl)=NC(C(Cl)Cl)N=S=2(O)O,,0.62,0
CHEMBL103511,NS(=O)(=O)c1cc2c(cc1Cl)NC(Cc1ccccc1)N=S2(=O)O,,0.93,0
CHEMBL110559,NS(=O)(=O)c1cc2c(s1)C(O)=CCS2(=O)=O,,-0.2,0
CHEMBL110558,NS(=O)(=O)c1cc2c(s1)C(O)CC=S2O,,-1.01,0
CHEMBL104478,NS(=O)(=O)c1ccc(-c2ccccc2)cc1,,2.24,0
CHEMBL115397,NS(=O)(=O)c1ccc(Cn2cnc3ccccc32)cc1,,1.04,0
CHEMBL111630,NS(=O)(=O)c1ccc([SH](=O)(O)C=CCCO)s1,,-0.34,0
CHEMBL107547,NS(=O)(=O)c1cccc(I)c1,,1.58,0
CHEMBL110061,NS(=O)(=O)c1nc2ccc([N+](=O)[O-])cc2s1,,1.36,0
CHEMBL113732,NS(=O)(=O)c1nn2c(=Nc3ccc(Cl)cc3)snc2s1,,3.63,0
CHEMBL101782,Nc1cc(C(F)(F)F)cc(C(F)(F)F)c1,,3.57,0
CHEMBL100699,Nc1ccc(-c2ccccc2)cc1,,2.86,0
CHEMBL101935,Nc1ccc(C(=O)O)cc1F,,1.41,0
CHEMBL112379,Nc1ccc(C(=O)Oc2ccc(Cl)cc2Cl)c(O)c1,,4.27,1
CHEMBL100235,Nc1ccc(C(O)N=CC(=O)O)cc1,,-0.89,0
CHEMBL115429,Nc1ccc(CNC(=O)C2CCCN2C(O)=C(Cc2ccc(Cl)c(Cl)c2)NS(=O)(=O)Cc2ccccc2)cn1,,3.68,0
CHEMBL115359,Nc1ccc(CNC(O)=C2CCCN2C(=O)C(N)C(C2CCCCC2)C2CCCCC2)cn1,,4.61,1
CHEMBL106421,Nc1ccc(S(=O)(=O)N2C(=O)NC(=O)C2(c2ccccc2)c2ccccc2)cc1,,3.27,0
CHEMBL100497,Nc1ccc(S(=O)(=O)c2ccc(N)cc2)cc1,,0.97,0
CHEMBL101543,Nc1ccc(Sc2ccc(N)cc2)cc1,,2.18,0
CHEMBL101621,Nc1ccc2c(c1)Cc1ccccc1-2,,3.14,0
CHEMBL102331,Nc1ccc2cc3ccccc3nc2c1,,2.77,0
CHEMBL100857,Nc1cccc(C(=O)O)c1,,0.65,0
CHEMBL100522,Nc1cccc2c1C(=O)c1ccccc1C2=O,,3.74,0
CHEMBL105106,Nc1ccccc1OC1OC(CO)C(O)C(O)C1O,,-1.23,0
CHEMBL104005,Nc1ccccc1Oc1ccccc1,,2.46,0
CHEMBL109926,Nc1ccn([C@@H]2C=C(CO)[C@@H](O)[C@H]2O)c(=O)n1,,-2.45,0
CHEMBL109981,Nc1nc(=O)c2ncn([C@H]3C[C@H](F)[C@@H](CO)O3)c2[nH]1,,-0.66,0
CHEMBL111382,Nc1nc(=O)n(C2OC(CO)CC2F)cc1F,,-0.92,0
CHEMBL113478,Nc1nc(Cl)c2ncn(C3OC(CO)CC3F)c2n1,,0.28,0
CHEMBL111477,Nc1nc(F)c2ncn([C@H]3CC[C@@H](CO)O3)c2n1,,-0.05,0
CHEMBL101371,Nc1ncc([N+](=O)[O-])s1,,0.83,0
CHEMBL104392,Nc1nncs1,,-0.57,0
CHEMBL111816,Nn1c(O)c(-c2cc(Cl)cc(Cl)c2)nnc1=S,,2.67,0
CHEMBL113469,O=C(CCn1ccnc1[N+](=O)[O-])NCCO,,-1.08,0
CHEMBL107045,O=C(CN1CCCCC1)Nc1ccccc1[N+](=O)[O-],,2.75,0
CHEMBL106704,O=C(CN=C(O)c1ccccc1)Oc1ccc(F)cc1,,2.46,0
CHEMBL111787,O=C(COc1ccc(OCCNCC(O)COc2ccccc2)cc1)NCCCO,,0.5,0
CHEMBL106857,O=C(Cn1c(=O)sc2ccc(Cl)cc21)N1CCN(CCO)CC1,,1.04,0
CHEMBL109048,O=C(Cn1ccnc1[N+](=O)[O-])N(CCO)CCO,,-1.64,0
CHEMBL112211,O=C(Cn1ccnc1[N+](=O)[O-])N(CO)CO,,-1.59,0
CHEMBL103613,O=C(N=C(O)c1ccccc1O)c1ccccc1O,,1.92,0
CHEMBL115321,O=C(N=S(=O)(O)c1cnccc1NC1CCCCCCC1)NCC(F)(F)F,,4.22,1
CHEMBL112655,O=C(NCCO)C(F)(F)Cn1ccnc1[N+](=O)[O-],,-0.52,0
CHEMBL113475,O=C(NCCO)C(F)(F)Cn1cnc([N+](=O)[O-])n1,,-0.77,0
CHEMBL104939,O=C(Nc1ccc(Cl)cc1)c1cccc([N+](=O)[O-])c1O,,2.16,0
CHEMBL109302,O=C(Nc1ccc(F)cc1F)c1cc(Br)cc(Br)c1O,,4.99,1
CHEMBL113238,O=C(O)C(OCc1ccc(Cl)cc1)c1ccccc1,,2.6,0
CHEMBL115500,O=C(O)C1CSC(c2cc(O)ccc2O)=N1,,0.9,0
CHEMBL101564,O=C(O)CC(=O)O,,-0.81,0
CHEMBL100452,O=C(O)CC(O)(CC(=O)O)C(=O)O,,-1.64,0
CHEMBL113297,O=C(O)CCCCCNCCc1ccccc1,,-1.3,0
CHEMBL115515,O=C(O)CCCCON=C(c1ccccc1)c1ccncn1,,2.27,0
CHEMBL115518,O=C(O)CCCCON=C(c1ccnnc1)c1cccc(C(F)(F)F)c1,,2.99,0
CHEMBL100751,O=C(O)CCCOc1ccc(Cl)cc1Cl,,3.53,0
CHEMBL101752,O=C(O)CCCc1ccc(N(CCCl)CCCl)cc1,,1.7,0
CHEMBL101099,O=C(O)CCS,,0.43,0
CHEMBL111301,O=C(O)CCSC1=Nc2cc(C(F)(F)F)ccc2S(=O)(=O)N1,,1.96,0
CHEMBL103547,O=C(O)COc1ccc2c(c1)CCCC2,,2.67,0
CHEMBL103548,O=C(O)COc1cccc(C(=O)O)c1,,1.11,0
CHEMBL103568,O=C(O)COc1cccc(I)c1,,2.44,0
CHEMBL108306,O=C(O)Cc1ccc2c(c1)SCc1ccccc1C2=O,,2.97,0
CHEMBL102539,O=C(O)Cc1ccccc1O,,0.85,0
CHEMBL102097,O=C(O)c1c(C(=O)O)c(C(=O)O)c(C(=O)O)c(C(=O)O)c1C(=O)O,,1.5,0
CHEMBL101772,O=C(O)c1cc(Cl)ccc1O,,3.09,0
CHEMBL112305,O=C(O)c1cc(OC=C(O)O)ccc1Cl,,1.07,0
CHEMBL102037,O=C(O)c1cc2ccccc2o1,,2.41,0
CHEMBL109929,O=C(O)c1ccc(Cl)cc1Nc1ccc(I)cc1,,5.37,1
CHEMBL104890,O=C(O)c1ccc(Cl)cc1[N+](=O)[O-],,2.08,0
CHEMBL103715,O=C(O)c1ccc(N=C=S)cc1,,3.52,0
CHEMBL100239,O=C(O)c1ccc([N+](=O)[O-])cc1,,1.89,0
CHEMBL102727,O=C(O)c1ccc[nH]1,,0.85,0
CHEMBL102567,O=C(O)c1cccc(I)c1,,3.13,0
CHEMBL100572,O=C(O)c1cccc2ccccc12,,3.1,0
CHEMBL100622,O=C(O)c1ccccc1C(=O)O,,0.73,0
CHEMBL102015,O=C(O)c1ccoc1,,1.03,0
CHEMBL115530,O=C(O)c1cn(-c2ccc(F)cc2F)c2cc(N3CCNCC3)c(F)cc2c1=O,,0.22,0
CHEMBL115531,O=C(O)c1cn(-c2ccc(O)cc2)c2cc(N3CCNCC3)c(F)cc2c1=O,,-0.04,0
CHEMBL109618,O=C(O)c1cn(C2CC2)c2cc(N3CCNCC3)c(F)cc2c1=O,,0.28,0
CHEMBL100728,O=C(OC(=O)c1ccccc1)c1ccccc1,,2.26,0
CHEMBL110901,O=C(OCC(=O)N1CCCCCC1)c1ccccc1,,2.3,0
CHEMBL112540,O=C(OCCCN=c1ccc(-c2ccncc2)c[nH]1)c1ccccc1,,4.06,1
CHEMBL111459,O=C(OCn1ncc2c(O)ncnc21)c1cccc(CN2CCOCC2)c1,,1.13,0
CHEMBL108612,O=C(c1ccc(F)cc1)c1ccc2n1CCC2=C(O)O,,2.82,0
CHEMBL113435,O=C1C(=O)N(c2ccccc2)C(=O)c2ccccc21,,1.14,0
CHEMBL100525,O=C1C(=O)c2cccc3cccc1c23,,1.95,0
CHEMBL115629,O=C1C(c2cccc(-n3ccc4ccccc43)c2)=C(O)[N]c2cc(Cl)ccc21,,5.53,1
CHEMBL101576,O=C1C2(Cl)C3(Cl)C4(Cl)C(Cl)(Cl)C5(Cl)C3(Cl)C1(Cl)C5(Cl)C24Cl,,5.41,1
CHEMBL100306,O=C1C=C(N2CC2)C(=O)C(N2CC2)=C1N1CC1,,-0.13,0
CHEMBL112670,O=C1CC(Sc2ccccc2)N1,,1.58,0
CHEMBL108957,O=C1CC=C(O)N1c1ccccc1I,,0.8,0
CHEMBL107402,O=C1CCC(=O)N1c1ccc(Br)cc1,,1.18,0
CHEMBL112504,O=C1CCC(=O)N1c1ccc(C(F)(F)F)cc1,,1.45,0
CHEMBL106176,O=C1CCC(c2ccccc2)(C2CCN(Cc3ccccc3)CC2)C(=O)N1,,3.55,0
CHEMBL103048,O=C1CCCCCCCN1,,0.67,0
CHEMBL103773,O=C1CN=C(O)N1c1ccccc1,,0.04,0
CHEMBL103993,O=C1CN=C(c2ccccc2)c2cc(F)ccc2N1,,2.32,0
CHEMBL104027,O=C1CN=C(c2ccccc2)c2ccc(C(F)(F)F)cc2N1,,3.18,0
CHEMBL103992,O=C1CN=C(c2ccccc2F)c2cc(Br)ccc2N1,,2.98,0
CHEMBL115454,O=C1CNC(=O)C(CC2=c3ccccc3=N[CH]2)N1,,0.07,0
CHEMBL106726,O=C1CNC(c2ccc[nH]2)=c2cc(Cl)ccc2=N1,,2.59,0
CHEMBL103801,O=C1CNC(c2ccccc2)=c2cc(C(F)(F)F)ccc2=N1,,3.1,0
CHEMBL108499,O=C1CNC(c2ccccc2Br)=c2cc(Br)ccc2=N1,,3.3,0
CHEMBL111441,O=C1N(O)C(O)=CC12CCCC2,,-0.26,0
CHEMBL106592,O=C1N=C(O)C(=Cc2ccc([N+](=O)[O-])o2)S1,,0.63,0
CHEMBL106728,O=C1N=C(O)C(=O)N1Cc1ccccc1,,1.19,0
CHEMBL111860,O=C1N=C(O)C2(CCCCCC2)C(=O)N1,,1.36,0
CHEMBL104266,O=C1NC(=O)C(Cc2ccccc2)N1,,0.6,0
CHEMBL100510,O=C1NS(=O)(=O)c2ccccc21,,0.91,0
CHEMBL102502,O=C1Nc2ccc([N+](=O)[O-])cc2C1=O,,0.47,0
CHEMBL104719,O=C1OC(c2ccccc2)c2ccccc21,,2.64,0
CHEMBL100036,O=C1O[C@H]([C@@H](O)CO)C(O)C1=O,,-1.85,0
CHEMBL115626,O=C1c2c(O)cccc2C(=CNc2ccccc2)c2cccc(O)c21,,4.96,1
CHEMBL106805,O=C1c2cc([N+](=O)[O-])ccc2-c2ccc([N+](=O)[O-])cc21,,2.84,0
CHEMBL105949,O=C1c2ccccc2C(=O)C1c1cccc(C(F)(F)F)c1,,3.78,0
CHEMBL101443,O=C=O,,0.83,0
CHEMBL107302,O=Cc1cccc(Oc2ccccc2)c1,,3.38,0
CHEMBL100640,O=Cc1ccccc1Cl,,2.33,0
CHEMBL102239,O=Cc1ccccc1[N+](=O)[O-],,1.74,0
CHEMBL100827,O=Cc1ccco1,,0.41,0
CHEMBL100828,O=Cc1cccs1,,1.02,0
CHEMBL102978,O=Cc1ccncc1,,0.43,0
CHEMBL113250,O=Cn1c2c(c3ccccc31)CCNC2,,0.26,0
CHEMBL107531,O=NN1CCCCC1=O,,-1.05,0
CHEMBL107873,O=NN1CCCN(N=O)CC1,,-0.51,0
CHEMBL110341,O=P(N1CC1)(N1CC1)N(N=Cc1ccc(Cl)cc1)c1ccccc1,,0.35,0
CHEMBL102218,O=P(N1CC1)(N1CC1)N1CC1,,-0.62,0
CHEMBL105431,O=P(OC(CCl)CCl)(OC(CCl)CCl)OC(CCl)CCl,,3.65,0
CHEMBL106465,O=S(=O)(N=C(O)Nc1ccccc1)c1ccc(Cl)cc1,,3.61,0
CHEMBL115439,O=S(=O)(NC(O)=NC1CCCCCCC1)c1c[nH]ccc1=NC1CCCCC1,,4.97,1
CHEMBL106307,O=S(=O)(Nc1ccc(Cl)cc1)C(F)(F)F,,3.96,0
CHEMBL106304,O=S(=O)(Nc1ccc(F)cc1)C(F)(F)F,,3.25,0
CHEMBL100553,O=S(=O)(O)c1ccc(O)c2ccccc12,,-0.44,0
CHEMBL109880,O=S(=O)(c1ccccc1)c1ccc2ncccc2c1,,2.57,0
CHEMBL109883,O=S(=O)(c1ccccc1)c1cccc2cccnc12,,2.33,0
CHEMBL115440,O=S(O)(=NC(O)=NC1CCCCCCC1)c1cnccc1NC1CCCCCC1,,5.34,1
CHEMBL106301,O=S(O)(=Nc1cccc(O)c1)C(F)(F)F,,2.51,0
CHEMBL107153,O=S1(=O)N=C(CCl)Nc2cc(Cl)ccc21,,1.68,0
CHEMBL110841,O=S1(=O)N=C(SC=C(O)O)Nc2ccc(Br)cc21,,0.92,0
CHEMBL103785,O=S1(=O)NC(C(F)(F)F)=Nc2cc(Cl)ccc21,,1.65,0
CHEMBL111612,O=S1(=O)NC(SCC=C(O)O)=Nc2ccc(Cl)cc21,,1.43,0
CHEMBL113201,O=[N+]([O-])CC1=NCCN1CCc1ccc(Cl)nc1,,-0.23,0
CHEMBL115461,O=[N+]([O-])OC1CCCCC1O[N+](=O)[O-],,2.62,0
CHEMBL105700,O=[N+]([O-])O[C@@H]1CO[C@H]2[C@@H]1OC[C@@H]2O,,-0.15,0
CHEMBL112008,O=[N+]([O-])c1c(Cl)c(Cl)cc2nc(O)c(O)nc12,,0.21,0
CHEMBL103004,O=[N+]([O-])c1cc(-c2ccccc2)ccc1O,,3.71,0
CHEMBL101494,O=[N+]([O-])c1cc(C2CCCCC2)c(O)c([N+](=O)[O-])c1,,4.12,1
CHEMBL100632,O=[N+]([O-])c1cc(Cl)c(Cl)cc1Cl,,3.48,0
CHEMBL115593,O=[N+]([O-])c1cc(F)ccc1O,,1.88,0
CHEMBL102352,O=[N+]([O-])c1cc(O)cc([N+](=O)[O-])c1,,2.36,0
CHEMBL102466,O=[N+]([O-])c1cc([N+](=O)[O-])c2ccccc2c1,,2.83,0
CHEMBL104962,O=[N+]([O-])c1cc2nc(C(F)(F)F)[nH]c2cc1Cl,,3.21,0
CHEMBL103209,O=[N+]([O-])c1cc[n+]([O-])cc1,,-0.55,0
CHEMBL104696,O=[N+]([O-])c1ccc(CCBr)cc1,,2.9,0
CHEMBL100814,O=[N+]([O-])c1ccc(Cl)c([N+](=O)[O-])c1,,2.17,0
CHEMBL104217,O=[N+]([O-])c1ccc(O)c(O)c1,,1.66,0
CHEMBL105628,O=[N+]([O-])c1ccc(Oc2ccc(C(F)(F)F)cc2[N+](=O)[O-])cc1,,3.65,0
CHEMBL107237,O=[N+]([O-])c1ccc2c(O)cccc2c1,,3.5,0
CHEMBL115471,O=[N+]([O-])c1ccc2c(c1)-c1ccccc1C2,,3.99,0
CHEMBL104768,O=[N+]([O-])c1ccc2ccc3cccc4ccc1c2c34,,5.06,1
CHEMBL101375,O=[N+]([O-])c1cccc(Cl)c1,,2.46,0
CHEMBL104191,O=[N+]([O-])c1cccc(Cl)c1Cl,,3.05,0
CHEMBL100879,O=[N+]([O-])c1cccc([N+](=O)[O-])c1,,1.49,0
CHEMBL105717,O=[N+]([O-])c1cccc2c1c([N+](=O)[O-])cc[n+]2[O-],,0.95,0
CHEMBL106382,O=[N+]([O-])c1cnc(N=C2OCCN2CCO)s1,,0.43,0
CHEMBL106385,O=[N+]([O-])c1cnc(NC2=NCCN2CCO)s1,,1.23,0
CHEMBL105417,O=[N+]([O-])c1nccn1CC(O)CF,,-0.52,0
CHEMBL108855,O=[N+]([O-])c1nccn1CCCOc1ccccc1,,2.38,0
CHEMBL115563,O=[N+]([O-])c1nccn1COCC=CCO,,-0.28,0
CHEMBL110513,O=[N+]([O-])c1ncn(CC(O)CN2CC2)n1,,-0.72,0
CHEMBL111833,O=c1[nH]c2cc(Cl)ccc2c(O)c1-c1cccc(Oc2ccccc2)c1,,5.1,1
CHEMBL108112,O=c1[nH]c2cc(Cl)ccc2n1C1CCN(CCCn2c(O)nc3ccccc32)CC1,,3.9,0
CHEMBL102019,O=c1[nH]cnc2ccccc12,,0.855,0
CHEMBL103458,O=c1c(Cl)c(Cl)cnn1-c1ccccc1,,2.09,0
CHEMBL102312,O=c1c2ccccc2nc2ccccn12,,2.08,0
CHEMBL115260,O=c1cc(-c2ccc(Cl)cc2Cl)oc2ccccc12,,4.13,1
CHEMBL102022,O=c1cc(-c2ccccc2)oc2cccc(O)c12,,4.3,1
CHEMBL115592,O=c1cc(CCl)oc(Cl)c1O,,0.95,0
CHEMBL115616,O=c1cc(CSc2ccccn2)occ1O,,1.14,0
CHEMBL101776,O=c1cc[nH]c2cc(C(F)(F)F)ccc12,,2.05,0
CHEMBL113657,O=c1cc[nH]cc1,,-1.3,0
CHEMBL100681,O=c1ccc2ccccc2o1,,1.39,0
CHEMBL104535,O=c1ccnc[nH]1,,-1.38,0
CHEMBL100316,O=c1nc2[nH]c(=O)[nH]c2c(O)[nH]1,,0.18,0
CHEMBL112565,O=c1ncc(F)c(O)n1Oc1ccccc1,,0.8,0
CHEMBL112827,O=c1sc2ccc(Cl)cc2n1C=C(O)N1CCN(C=C(O)O)CC1,,-0.71,0
CHEMBL112140,OC(=C=Cc1ccccc1Cl)C(F)(F)F,,3.5,0
CHEMBL103686,OC(=CCCN1CCC(n2c(O)nc3ccccc32)CC1)c1ccc(F)cc1,,3.91,0
CHEMBL108138,OC(=CN1CCCCC1)Nc1ccccc1Br,,2.94,0
CHEMBL113711,OC(=NN=Cc1ccccc1O)c1ccncc1,,2.16,0
CHEMBL104301,OC(=Nc1ccc(Cl)cc1)c1cc(Br)ccc1O,,5.02,1
CHEMBL105516,OC(C1CC1)C1CC1,,1.07,0
CHEMBL111610,OC(CNC1COCCC1Br)Cn1ccnc1,,-0.17,0
CHEMBL115546,OC(CNCCCc1ccccc1)CON=C(C1CC1)C1CC1,,2.56,0
CHEMBL111837,OC(Cn1ccnc1)(c1cccc(Br)c1)c1ccc(F)cc1F,,3.6,0
CHEMBL109646,OC(Cn1cncn1)(Cn1cncn1)c1ccc(F)cc1F,,0.5,0
CHEMBL112747,OC(O)=C(c1ccccc1)n1cccc1,,1.57,0
CHEMBL102059,OC(O)=CCc1ccc(O)cc1,,1.16,0
CHEMBL112373,OC(O)=COc1ccc(C2CCCC2)cc1,,3.41,0
CHEMBL100588,OC(O)=Cc1c[nH]c2ccccc12,,1.41,0
CHEMBL101889,OC(O)=Cc1ccc(F)cc1,,1.55,0
CHEMBL100996,OC(O)=Cc1ccccc1,,1.41,0
CHEMBL108401,OC(c1ccc(F)cc1)(c1cncnc1)c1ccccc1Cl,,3.18,0
CHEMBL106550,OC(c1ccccc1)(c1cncnc1)c1ccc(Cl)cc1Cl,,2.56,0
CHEMBL113921,OC1(Cn2cncn2)CCCC1Cc1ccccc1,,2.26,0
CHEMBL106084,OC1=C(c2ccc(O)c(O)c2)Oc2cc(O)ccc2C1O,,0.87,0
CHEMBL101356,OC1=CCCC1,,0.38,0
CHEMBL101996,OC1=C[C@@H](c2ccc(O)cc2)Oc2cc(O)cc(O)c21,,2.52,0
CHEMBL101953,OC1=NC(O)=NC1,,-1.69,0
CHEMBL107627,OC1=Nc2ccc(Br)cc2C(c2ccccc2Cl)=NC1,,3.3,0
CHEMBL105536,OC1C2CCC(C2)C1O,,0.4,0
CHEMBL104825,OC1CC2CCC1C2O,,0.4,0
CHEMBL113639,OCC(O)Cn1cnc2c(O)[nH]c(=Nc3ccccc3)nc21,,0.4,0
CHEMBL108007,OCC1C(Cl)C(Cl)C(Cl)C(Cl)C1Cl,,2.94,0
CHEMBL113412,OCC1CC(F)C(n2cnc3c(I)ncnc32)O1,,0.63,0
CHEMBL104678,OCC1OC(OC2CCCCC2)C(O)C(O)C1O,,-0.63,0
CHEMBL115554,OCC1OC(n2cnc3c(=NCCc4ccccc4)[nH]cnc32)C(O)C1O,,1.55,0
CHEMBL115556,OCC1OC(n2cnc3c(=NCc4ccco4)nc[nH]c32)C(O)C1O,,0.52,0
CHEMBL108736,OCCCCCCn1nnc2ccccc21,,1.71,0
CHEMBL109535,OCCCCCc1cccnc1,,1.41,0
CHEMBL103025,OCCCCCl,,0.85,0
CHEMBL101194,OCCCCO,,-0.83,0
CHEMBL106372,OCCOc1c(Br)cc(Br)cc1Br,,3.42,0
CHEMBL100032,OC[C@@H](O)[C@@H](O)[C@H](O)[C@@H](O)CO,,-2.8,0
CHEMBL102044,OC[C@H]1O[C@@H](Oc2ccc(O)cc2)[C@H](O)[C@@H](O)[C@@H]1O,,-1.35,0
CHEMBL105608,OCc1c(Cl)cccc1Cl,,2.02,0
CHEMBL102982,OCc1cccc(Cl)c1,,1.94,0
CHEMBL105864,OCc1ccccc1Cl,,1.77,0
CHEMBL100826,OCc1ccco1,,0.28,0
CHEMBL102360,OCc1ccncc1,,0.06,0
CHEMBL102030,ON=C(O)c1ccccc1,,0.26,0
CHEMBL110449,ON=Cc1nc(-c2cccs2)no1,,2.47,0
CHEMBL115479,OS1=CCCC1,,-0.96,0
CHEMBL102014,O[C@@H]([C@H](O)[C@H](O)CBr)[C@H](O)CBr,,-0.265,0
CHEMBL103038,Oc1c(Cl)ccc(Cl)c1Cl,,3.77,0
CHEMBL110442,Oc1c2c(c(O)n1CCCCN1CCN(c3ncccn3)CC1)C1C=CC2C1,,1.36,0
CHEMBL100655,Oc1c2ccccc2cc2ccccc12,,3.66,0
CHEMBL104604,Oc1cc(Cl)c(Cl)c(Cl)c1Cl,,4.21,1
CHEMBL110078,Oc1ccc(Cn2ccnc2S)cc1F,,1.12,0
CHEMBL101853,Oc1ccc(F)cc1,,1.77,0
CHEMBL102189,Oc1ccc(I)cc1,,2.91,0
CHEMBL101419,Oc1ccc(O)nn1,,-0.87,0
CHEMBL102334,Oc1ccc2cc(O)ccc2c1,,1.9,0
CHEMBL102387,Oc1cccc(Br)c1,,2.63,0
CHEMBL101596,Oc1cccc2cccnc12,,2.02,0
CHEMBL101353,Oc1ccccc1O,,0.88,0
CHEMBL115449,Oc1nc(N2CCOCC2)cn1Cc1ccccc1,,0.5,0
CHEMBL113653,Oc1nnc(SCc2ccccc2)[nH]1,,1.47,0
CHEMBL102732,S=C(Nc1ccccc1)c1ccccc1,,3.03,0
CHEMBL104224,S=C=NC(c1ccccc1)c1ccccc1,,5.09,1
CHEMBL105273,S=C=Nc1ccc(C=Cc2ccccc2)cc1,,5.85,1
CHEMBL103712,S=C=Nc1cccc(Br)c1,,4.12,1
CHEMBL100067,S=P(N1CC1)(N1CC1)N1CC1,,0.53,0
CHEMBL105494,S=c1ssc2c1CCCC2,,3.1,0
CHEMBL115633,SC(N=NC(c1ccccn1)c1ccccn1)=Nc1ccccc1,,1.96,0
CHEMBL112924,SC(N=NCc1ccco1)=Nc1ccccc1,,3.13,0
CHEMBL101141,Sc1ccccc1,,2.52,0
CHEMBL111104,[N-]=[N+]=NC1C(CO)OC(n2cnc3c(=N)nc[nH]c32)C1N=[N+]=[N-],,0.8,0
CHEMBL104926,[N-]=[N+]=Nc1ccc(C(=O)O)cc1,,2.54,0
CHEMBL111623,[O-][n+]1onc(-c2ccccc2)c1CO,,1.77,0
CHEMBL107609,[O-][s+]1ccc2ccccc21,,1.01,0
CHEMBL115607,[O]c1c(C(=O)c2ccc(Br)s2)c(=O)[nH]c2cc(Cl)ccc12,,3.81,0
CHEMBL101677,c1c[nH]c2c3ccccc3cc-2c1,,2.96,0
CHEMBL102242,c1cc(-c2ccncc2)ccn1,,1.28,0
CHEMBL101645,c1cc2cccc3c4cccc5cccc(c(c1)c23)c54,,6.25,1
CHEMBL100711,c1ccc(-c2ccc(-c3ccccc3)cc2)cc1,,6.03,1
CHEMBL102336,c1ccc(-c2cccnc2)nc1,,1.46,0
CHEMBL104636,c1ccc(-c2cnc3ccccc3n2)cc1,,3.48,0
CHEMBL106487,c1ccc(-c2csnn2)cc1,,2.42,0
CHEMBL112793,c1ccc(C23CCN(CC2)CC3)cc1,,2.54,0
CHEMBL113577,c1ccc(C2=NN=N[N]2)cc1,,1.65,0
CHEMBL104910,c1ccc(CC[n+]2ccccc2)cc1,,-2.35,0
CHEMBL105894,c1ccc(Cc2nnn[nH]2)cc1,,1.36,0
CHEMBL114049,c1ccc(N2CCN(CCCOn3nnc4ccccc43)CC2)cc1,,3.49,0
CHEMBL100695,c1ccc(N2CCNCC2)cc1,,1.1,0
CHEMBL101398,c1ccc(NNc2ccccc2)cc1,,2.94,0
CHEMBL101523,c1ccc(Nc2ccc3ccccc3c2)cc1,,4.38,1
CHEMBL102905,c1ccc2c(c1)CCc1ccccc1-2,,4.52,1
CHEMBL101671,c1ccc2c(c1)Cc1c-2ccc2ccccc12,,5.4,1
CHEMBL109319,c1ccc2c(c1)OCC(C1=NCCN1)O2,,1.63,0
CHEMBL110504,c1ccc2c(c1)OCCOCCOCCOCCOCCOCCOCCOc1ccccc1OCCO2,,1.82,0
CHEMBL101682,c1ccc2c(c1)Oc1ccccc1O2,,4.3,1
CHEMBL100088,c1ccc2c(c1)ccc1cc3c(ccc4ccccc43)cc12,,6.75,1
CHEMBL101669,c1ccc2c(c1)ccc1sccc12,,4.41,1
CHEMBL101649,c1ccc2cc3c(cc2c1)-c1cccc2cccc-3c12,,6.11,1
CHEMBL101775,c1cnc2nccnc2c1,,-0.04,0
CHEMBL102028,c1cncc([C@@H]2CCCCN2)c1,,0.97,0
CHEMBL104361,c1coc(C2=Nc3ccccc3[N]2)c1,,2.67,0
CHEMBL101716,c1nnc[nH]1,,-0.58,0
